"CANCELED","ROW_WID","ACCNT_LOC","ARPU","SES","HOME_PASSED","CUST_SINCE_DT","MONTHS_AGE","CANCEL_DT","CITY","POP"
1,688525490,"4219649",555.12,"C",3439,07-DIC-15,19.77,31-JUL-17,"MONCLOVA","MC"
1,694259818,"4221404",260.15,"D",1499,20-DIC-16,5.67,10-JUN-17,"MONCLOVA","MC"
1,701127287,"4223645",252.85,"C",860,11-ENE-16,19.64,31-AGO-17,"MONCLOVA","MC"
1,706876069,"4225286",489.35,"D",2085,28-DIC-15,18.6,16-JUL-17,"FRONTERA","MC"
1,691968784,"4220854",167.71,"D",753,17-DIC-15,17.66,07-JUN-17,"MONCLOVA","MC"
1,706875737,"4225230",587.88,"C",3439,04-ENE-16,19.5,20-AGO-17,"MONCLOVA","MC"
1,734478098,"4232883",301.97,"C",3273,04-FEB-16,17.53,21-JUL-17,"MONCLOVA","MC"
1,698830028,"4222607",430.22,"C",3439,09-FEB-16,17.7,31-JUL-17,"MONCLOVA","MC"
1,696545780,"4222171",583.21,"D",240,19-DIC-15,19.7,10-AGO-17,"MONCLOVA","MC"
1,726405270,"4230171",500.97,"C",284,30-MAY-16,12.51,15-JUN-17,"MONCLOVA","MC"
1,751837418,"4238136",586.22,"D",179,10-FEB-16,18.67,31-AGO-17,"MONCLOVA","MC"
1,764595535,"4240440",376.65,"D",2085,18-FEB-16,16.47,01-JUL-17,"FRONTERA","MC"
1,743725614,"4235809",287.47,"D",489,10-FEB-16,17.67,31-JUL-17,"MONCLOVA","MC"
1,741404985,"4235204",210.78,"C",3273,09-FEB-16,16.73,01-JUL-17,"MONCLOVA","MC"
1,750677019,"4237784",474.67,"D",876,01-FEB-16,17.63,21-JUL-17,"MONCLOVA","MC"
1,739098901,"4233971",334.77,"D",489,08-FEB-16,18.73,31-AGO-17,"MONCLOVA","MC"
1,741404753,"4235068",219.92,"C",465,22-ENE-16,18.6,10-AGO-17,"FRONTERA","MC"
1,744887006,"4236189",240.67,"D",2085,09-FEB-16,16.73,01-JUL-17,"FRONTERA","MC"
1,773894916,"4242662",184.71,"C",3439,18-FEB-16,16.67,08-JUL-17,"MONCLOVA","MC"
1,744886909,"4236417",606,"D",1499,05-FEB-16,17.51,21-JUL-17,"MONCLOVA","MC"
1,724089923,"4229040",165.96,"D",1153,19-ENE-16,16.7,10-JUN-17,"MONCLOVA","MC"
1,777390614,"4243571",571.35,"C",3439,23-FEB-16,16.63,11-JUL-17,"MONCLOVA","MC"
1,758786855,"4239355",306.48,"C",1306,08-FEB-16,15.73,31-MAY-17,"MONCLOVA","MC"
1,765750431,"4241020",603.79,"C",3439,13-FEB-16,15.8,07-JUN-17,"MONCLOVA","MC"
1,725242549,"4229752",554.77,"D",210,22-ENE-16,17.66,11-JUL-17,"MONCLOVA","MC"
1,740255423,"4234728",442.53,"B",909,10-FEB-16,18.66,31-AGO-17,"MONCLOVA","MC"
1,765749342,"4240764",145.49,"C",4892,11-FEB-16,17.95,10-AGO-17,"MONCLOVA","MC"
1,758786528,"4239321",327.16,"C",4892,10-FEB-16,15.67,31-MAY-17,"MONCLOVA","MC"
1,727553761,"4230458",510.03,"D",179,09-FEB-16,16.73,01-JUL-17,"MONCLOVA","MC"
1,768085250,"4241601",547.95,"D",489,15-FEB-16,17.73,07-AGO-17,"MONCLOVA","MC"
1,742559008,"4235477",620.6,"C",1149,04-FEB-16,18.5,20-AGO-17,"FRONTERA","MC"
1,761107027,"4239938",362.68,"B",206,12-FEB-16,15.63,31-MAY-17,"MONCLOVA","MC"
1,760925943,"4239731",282.84,"D",1499,08-FEB-16,18.06,10-AGO-17,"MONCLOVA","MC"
1,742559882,"4235427",347.64,"D",753,06-FEB-16,15.8,31-MAY-17,"MONCLOVA","MC"
1,766916379,"4241179",384.44,"D",1813,13-FEB-16,17.79,07-AGO-17,"MONCLOVA","MC"
1,772728726,"4242305",528.85,"D",489,22-FEB-16,17.61,10-AGO-17,"MONCLOVA","MC"
1,784398283,"4245229",576.61,"C",3273,27-FEB-16,16.63,16-JUL-17,"MONCLOVA","MC"
1,784396737,"4245159",361.68,"C",3439,26-FEB-16,16.67,16-JUL-17,"MONCLOVA","MC"
1,765602773,"4240360",192.77,"C",1306,10-FEB-16,17.66,31-JUL-17,"MONCLOVA","MC"
1,775064721,"4242931",603.06,"C",3439,19-FEB-16,16.73,11-JUL-17,"MONCLOVA","MC"
1,792563333,"4247566",406.48,"D",876,04-MAR-16,17.5,20-AGO-17,"MONCLOVA","MC"
1,801965809,"4250187",364.04,"D",1153,15-MAR-16,15.77,08-JUL-17,"MONCLOVA","MC"
1,809012525,"4251860",245.59,"C",3273,19-MAR-16,16.7,10-AGO-17,"MONCLOVA","MC"
1,807842078,"4251406",778.08,"B",284,18-MAR-16,15.66,08-JUL-17,"MONCLOVA","MC"
1,807843265,"4251470",309.29,"C",1149,31-MAR-16,16.47,15-AGO-17,"FRONTERA","MC"
1,833699687,"4256185",338.41,"B",424,08-ABR-16,16.73,31-AGO-17,"MONCLOVA","MC"
1,849023323,"4259787",554.9,"C",3439,02-MAY-16,14.6,21-JUL-17,"MONCLOVA","MC"
1,849022784,"4259750",207.56,"D",1813,28-ABR-16,14.6,16-JUL-17,"MONCLOVA","MC"
1,847846858,"4259523",191.23,"D",1153,25-ABR-16,14.7,16-JUL-17,"MONCLOVA","MC"
1,849022567,"4259736",619.35,"C",3439,25-ABR-16,15.67,15-AGO-17,"MONCLOVA","MC"
1,831344644,"4255728",375.34,"B",431,06-ABR-16,15.79,31-JUL-17,"MONCLOVA","MC"
1,831350470,"4255652",365.74,"C",605,12-ABR-16,13.83,07-JUN-17,"MONCLOVA","MC"
1,832521837,"4255980",241.39,"D",2085,12-ABR-16,14.86,08-JUL-17,"FRONTERA","MC"
1,832522811,"4255926",189.35,"D",2085,07-ABR-16,16.76,31-AGO-17,"FRONTERA","MC"
1,804310727,"4250492",495.12,"C",381,15-MAR-16,14.73,07-JUN-17,"MONCLOVA","MC"
1,840756715,"4257702",561.1,"C",818,14-ABR-16,15.76,07-AGO-17,"MONCLOVA","MC"
1,866789555,"4264398",578.76,"C",860,09-MAY-16,14.7,31-JUL-17,"MONCLOVA","MC"
1,840756934,"4257884",593.8,"C",3439,15-ABR-16,15.76,07-AGO-17,"MONCLOVA","MC"
1,857301821,"4261940",538.04,"B",1733,30-ABR-16,14.56,16-JUL-17,"MONCLOVA","MC"
1,888158786,"4269407",432.98,"D",890,09-JUN-16,14.7,31-AGO-17,"MONCLOVA","MC"
1,840756620,"4257783",633.29,"D",1813,14-ABR-16,15.76,07-AGO-17,"MONCLOVA","MC"
1,888158895,"4269418",274.07,"C",4892,27-MAY-16,14.6,15-AGO-17,"MONCLOVA","MC"
1,864409364,"4264020",306.71,"C",767,12-MAY-16,14.63,31-JUL-17,"MONCLOVA","MC"
1,879838297,"4267235",443.79,"D",243,20-MAY-16,13.7,11-JUL-17,"MONCLOVA","MC"
1,840757343,"4257912",404.43,"D",1153,15-ABR-16,13.73,07-JUN-17,"MONCLOVA","MC"
1,902444578,"4272740",822.58,"A",2592,09-JUN-16,13.7,31-JUL-17,"MONCLOVA","MC"
1,910797597,"4274482",373.71,"C",842,15-JUN-16,12.77,08-JUL-17,"MONCLOVA","MC"
1,909607060,"4274175",293.52,"D",1813,14-JUN-16,11.76,07-JUN-17,"MONCLOVA","MC"
1,903639708,"4273082",540.22,"C",3439,09-JUN-16,12.73,01-JUL-17,"MONCLOVA","MC"
1,900064816,"4271973",640.88,"B",1733,09-JUN-16,14.7,31-AGO-17,"MONCLOVA","MC"
1,909606838,"4274163",246.1,"D",1499,14-JUN-16,12.8,08-JUL-17,"MONCLOVA","MC"
1,903639811,"4272906",289.93,"D",284,09-JUN-16,11.69,31-MAY-17,"MONCLOVA","MC"
1,903639494,"4272969",615.26,"C",3273,17-JUN-16,13.66,07-AGO-17,"MONCLOVA","MC"
1,919169443,"4276235",628.15,"D",296,22-JUN-16,12.63,11-JUL-17,"MONCLOVA","MC"
1,871527704,"4265370",187.55,"C",49,14-MAY-16,12.76,07-JUN-17,"MONCLOVA","MC"
1,883400648,"4267778",308.45,"C",344,01-JUN-16,12.6,20-JUN-17,"MONCLOVA","MC"
1,912003509,"4274922",343.47,"C",3273,16-JUN-16,13.69,07-AGO-17,"MONCLOVA","MC"
1,919170307,"4276064",339.05,"D",1499,22-JUN-16,11.61,10-JUN-17,"MONCLOVA","MC"
1,883400113,"4267982",191.36,"C",860,24-MAY-16,12.54,10-JUN-17,"MONCLOVA","MC"
1,883400115,"4267987",651.24,"C",339,24-MAY-16,13.56,11-JUL-17,"MONCLOVA","MC"
1,910798149,"4274624",408.35,"C",860,15-JUN-16,11.73,07-JUN-17,"MONCLOVA","MC"
1,862043605,"4263582",197.33,"C",3439,06-MAY-16,15.8,31-AGO-17,"MONCLOVA","MC"
1,799611687,"4249407",583.34,"D",387,11-MAR-16,15.66,01-JUL-17,"MONCLOVA","MC"
1,901253941,"4272291",525.9,"C",3273,28-JUN-16,13.34,07-AGO-17,"MONCLOVA","MC"
1,892920550,"4270484",523.85,"D",2085,11-JUN-16,12.67,01-JUL-17,"FRONTERA","MC"
1,876271806,"4266277",189.34,"C",3439,17-MAY-16,12.67,07-JUN-17,"MONCLOVA","MC"
1,799610403,"4249446",390.07,"C",3439,28-MAR-16,16.57,15-AGO-17,"MONCLOVA","MC"
1,876271574,"4266459",196.3,"B",1733,19-MAY-16,14.7,10-AGO-17,"MONCLOVA","MC"
1,876272345,"4266229",482.95,"C",1162,25-MAY-16,14.67,15-AGO-17,"MONCLOVA","MC"
1,805491446,"4250883",297.74,"C",1149,31-MAR-16,14.48,15-JUN-17,"FRONTERA","MC"
1,863219896,"4263722",399,"C",568,06-MAY-16,13.83,01-JUL-17,"MONCLOVA","MC"
1,895304823,"4271157",520.22,"C",3439,27-JUN-16,12.64,16-JUL-17,"MONCLOVA","MC"
1,913188804,"4275098",298.12,"D",281,17-JUN-16,12.7,08-JUL-17,"MONCLOVA","MC"
1,913189351,"4275124",339.59,"C",392,17-JUN-16,11.67,07-JUN-17,"MONCLOVA","MC"
1,913189455,"4275059",539.22,"C",842,17-JUN-16,13.66,07-AGO-17,"MONCLOVA","MC"
1,863228583,"4263830",402.54,"C",1149,07-MAY-16,13.8,01-JUL-17,"FRONTERA","MC"
1,805491357,"4250957",431.33,"D",1499,28-MAR-16,14.57,15-JUN-17,"MONCLOVA","MC"
1,805491847,"4250748",462.13,"C",1149,16-MAR-16,16.7,07-AGO-17,"FRONTERA","MC"
1,867965776,"4264781",355.14,"B",1733,24-NOV-16,7.57,11-JUL-17,"MONCLOVA","MC"
1,791396613,"4247393",883.15,"C",3439,11-MAR-16,15.66,01-JUL-17,"MONCLOVA","MC"
1,961178089,"4284599",407.18,"D",2376,29-JUL-16,12.54,15-AGO-17,"MONCLOVA","MC"
1,957568099,"4283747",374.82,"C",842,26-JUL-16,11.66,16-JUL-17,"MONCLOVA","MC"
1,944345944,"4280929",228.6,"C",3439,16-JUL-16,13.12,20-AGO-17,"MONCLOVA","MC"
1,957568537,"4283660",631.99,"D",941,27-JUL-16,12.6,15-AGO-17,"MONCLOVA","MC"
1,957568205,"4283639",330.94,"C",3439,25-JUL-16,11.69,16-JUL-17,"MONCLOVA","MC"
1,957569081,"4283689",165.49,"D",941,27-JUL-16,11.64,16-JUL-17,"MONCLOVA","MC"
1,939541427,"4280195",340,"C",4892,21-JUL-16,12.64,10-AGO-17,"MONCLOVA","MC"
1,934744546,"4279080",171.8,"C",1162,05-JUL-16,13.47,20-AGO-17,"MONCLOVA","MC"
1,937146348,"4279581",166.76,"B",1733,07-JUL-16,11.8,01-JUL-17,"MONCLOVA","MC"
1,961179516,"4284634",422,"D",325,29-JUL-16,12.54,15-AGO-17,"MONCLOVA","MC"
1,951551136,"4282183",507.26,"C",1162,20-JUL-16,11.7,11-JUL-17,"MONCLOVA","MC"
1,958775846,"4283924",340.31,"C",378,29-JUL-16,11.57,16-JUL-17,"MONCLOVA","MC"
1,944345726,"4280918",235.17,"D",169,20-JUL-16,11.72,11-JUL-17,"FRONTERA","MC"
1,931145666,"4278561",420.72,"D",489,15-JUL-16,12.73,07-AGO-17,"MONCLOVA","MC"
1,970827715,"4286389",369.59,"D",877,13-SEP-16,10.79,07-AGO-17,"MONCLOVA","MC"
1,975657015,"4286938",456.4,"C",1306,09-AGO-16,9.7,31-MAY-17,"MONCLOVA","MC"
1,968417494,"4285809",487.97,"D",2376,04-AGO-16,11.54,21-JUL-17,"MONCLOVA","MC"
1,1002282269,"4293756",344.11,"D",447,02-SEP-16,11.57,20-AGO-17,"MONCLOVA","MC"
1,997435174,"4292516",917.25,"A",2592,29-AGO-16,11.54,15-AGO-17,"MONCLOVA","MC"
1,982903905,"4288384",537.52,"D",489,18-AGO-16,11.64,07-AGO-17,"MONCLOVA","MC"
1,975657458,"4286969",770.07,"D",941,16-AGO-16,10.73,08-JUL-17,"MONCLOVA","MC"
1,972031259,"4286564",221,"C",3439,08-AGO-16,11.73,31-JUL-17,"MONCLOVA","MC"
1,975656028,"4287000",522.56,"D",941,09-AGO-16,10.73,01-JUL-17,"MONCLOVA","MC"
1,968417977,"4285770",771.7,"C",339,03-AGO-16,12.54,20-AGO-17,"MONCLOVA","MC"
1,978073743,"4287482",261.26,"D",941,11-AGO-16,9.63,31-MAY-17,"MONCLOVA","MC"
1,1009563919,"4295724",224.59,"D",447,10-SEP-16,9.7,01-JUL-17,"MONCLOVA","MC"
1,1009564232,"4295543",349.35,"D",447,08-SEP-16,11.73,31-AGO-17,"MONCLOVA","MC"
1,978073753,"4287534",243.01,"C",3439,16-AGO-16,10.73,08-JUL-17,"MONCLOVA","MC"
1,1010789205,"4296140",289.5,"B",206,07-SEP-16,8.76,31-MAY-17,"MONCLOVA","MC"
1,1010789206,"4296149",383.34,"C",767,07-SEP-16,10.76,31-JUL-17,"MONCLOVA","MC"
1,1013211864,"4296834",253.62,"D",877,09-SEP-16,8.7,31-MAY-17,"MONCLOVA","MC"
1,963588643,"4284995",607.44,"D",941,31-JUL-16,12.48,15-AGO-17,"MONCLOVA","MC"
1,1001065275,"4293265",605.17,"D",2376,08-SEP-16,9.77,01-JUL-17,"MONCLOVA","MC"
1,1013210696,"4297057",557.77,"D",447,12-SEP-16,10.83,07-AGO-17,"MONCLOVA","MC"
1,1010789538,"4296197",211.67,"C",1306,14-SEP-16,9.8,08-JUL-17,"MONCLOVA","MC"
1,1010788215,"4295971",185.84,"D",447,07-SEP-16,10.76,31-JUL-17,"MONCLOVA","MC"
1,1011997124,"4296339",465.78,"D",447,10-SEP-16,8.67,31-MAY-17,"MONCLOVA","MC"
1,1010788991,"4296245",219.03,"D",447,09-SEP-16,11.7,31-AGO-17,"MONCLOVA","MC"
1,952763537,"4282617",299.94,"C",392,05-AGO-16,11.51,21-JUL-17,"MONCLOVA","MC"
1,1010788328,"4296075",361,"D",941,10-SEP-16,11.67,31-AGO-17,"MONCLOVA","MC"
1,969620322,"4286003",455.11,"D",2376,06-AGO-16,9.8,31-MAY-17,"MONCLOVA","MC"
1,1020525420,"4298901",242.74,"D",877,16-SEP-16,10.72,07-AGO-17,"MONCLOVA","MC"
1,1025401762,"4299796",506.98,"D",941,19-SEP-16,9.73,11-JUL-17,"MONCLOVA","MC"
1,1019307771,"4298537",201.93,"D",2376,15-SEP-16,8.74,07-JUN-17,"MONCLOVA","MC"
1,1030282571,"4301502",263.83,"C",3273,04-OCT-16,8.51,20-JUN-17,"MONCLOVA","MC"
1,950351832,"4281854",377.91,"D",240,20-JUL-16,11.7,11-JUL-17,"MONCLOVA","MC"
1,1029065866,"4301055",604.38,"C",3273,22-SEP-16,10.6,10-AGO-17,"MONCLOVA","MC"
1,1029066513,"4300990",190.99,"D",877,29-SEP-16,9.57,16-JUL-17,"MONCLOVA","MC"
1,1030282146,"4301420",364.74,"C",3439,26-SEP-16,9.51,11-JUL-17,"MONCLOVA","MC"
1,1026617312,"4300211",469.54,"D",877,21-SEP-16,10.64,10-AGO-17,"MONCLOVA","MC"
1,1029066293,"4300963",510.6,"C",3439,22-SEP-16,9.63,11-JUL-17,"MONCLOVA","MC"
1,1008356644,"4295243",128.9,"D",2376,19-SEP-16,8.7,10-JUN-17,"MONCLOVA","MC"
1,1014433237,"4297253",168.97,"D",877,13-SEP-16,9.83,08-JUL-17,"MONCLOVA","MC"
1,1026618267,"4300262",494.85,"D",877,21-SEP-16,9.66,11-JUL-17,"MONCLOVA","MC"
1,1008357816,"4295204",462.83,"D",1153,06-SEP-16,11.79,31-AGO-17,"MONCLOVA","MC"
1,1014433342,"4297265",509.43,"D",877,12-SEP-16,9.86,08-JUL-17,"MONCLOVA","MC"
1,985314488,"4289086",349.62,"D",1813,18-AGO-16,10.66,08-JUL-17,"MONCLOVA","MC"
1,1037608838,"4302870",218.99,"D",877,04-OCT-16,10.5,20-AGO-17,"MONCLOVA","MC"
1,1035165805,"4302264",292.82,"D",2376,03-OCT-16,9.57,21-JUL-17,"MONCLOVA","MC"
1,1035166977,"4302186",531.63,"D",489,28-SEP-16,9.6,16-JUL-17,"MONCLOVA","MC"
1,1033943497,"4301888",271.6,"D",877,26-SEP-16,9.66,16-JUL-17,"MONCLOVA","MC"
1,1035166994,"4302272",289,"D",1499,05-OCT-16,9.51,21-JUL-17,"MONCLOVA","MC"
1,1036386063,"4302473",160.16,"D",489,05-OCT-16,8.47,20-JUN-17,"MONCLOVA","MC"
1,996219534,"4292050",649.06,"B",909,08-SEP-16,11.76,31-AGO-17,"MONCLOVA","MC"
1,1036386171,"4302496",633.23,"D",2376,06-OCT-16,10.79,31-AGO-17,"MONCLOVA","MC"
1,1038832738,"4303042",277.33,"D",877,03-OCT-16,8.54,20-JUN-17,"MONCLOVA","MC"
1,967210112,"4285432",211.92,"D",169,02-AGO-16,10.57,20-JUN-17,"FRONTERA","MC"
1,1038832843,"4303046",259.03,"D",876,03-OCT-16,8.54,20-JUN-17,"MONCLOVA","MC"
1,967209575,"4285524",528.78,"D",2376,02-AGO-16,11.6,21-JUL-17,"MONCLOVA","MC"
1,953960733,"4282815",268.27,"D",489,25-JUL-16,10.67,15-JUN-17,"MONCLOVA","MC"
1,1047398533,"4304331",235.4,"D",1153,07-OCT-16,7.76,31-MAY-17,"MONCLOVA","MC"
1,926357134,"4277486",395.11,"C",3439,28-JUN-16,12.6,16-JUL-17,"MONCLOVA","MC"
1,1052290377,"4304832",465.26,"D",387,12-OCT-16,9.83,07-AGO-17,"MONCLOVA","MC"
1,1054738869,"4305241",177.54,"D",1813,18-OCT-16,8.66,08-JUL-17,"MONCLOVA","MC"
1,933541678,"4278764",396.44,"C",4892,04-JUL-16,12.53,21-JUL-17,"MONCLOVA","MC"
1,1053514636,"4305015",459.39,"C",1149,14-OCT-16,7.76,07-JUN-17,"FRONTERA","MC"
1,1054738974,"4305249",334.31,"C",1149,20-OCT-16,8.72,11-JUL-17,"FRONTERA","MC"
1,1047397233,"4304340",412.42,"C",57,10-OCT-16,9.67,31-JUL-17,"MONCLOVA","MC"
1,1048624003,"4304483",444.24,"B",305,11-OCT-16,7.66,31-MAY-17,"MONCLOVA","MC"
1,1054738004,"4305292",145.33,"D",941,25-OCT-16,7.4,07-JUN-17,"MONCLOVA","MC"
1,1054739089,"4305253",533.79,"D",489,14-OCT-16,8.8,08-JUL-17,"MONCLOVA","MC"
1,1048624441,"4304506",179.18,"D",2376,17-OCT-16,7.66,07-JUN-17,"MONCLOVA","MC"
1,1054739197,"4305260",162.88,"D",1499,20-OCT-16,8.7,11-JUL-17,"MONCLOVA","MC"
1,1047397884,"4304285",155.54,"C",381,17-OCT-16,8.7,08-JUL-17,"MONCLOVA","MC"
1,1047398314,"4304302",278.76,"D",296,10-OCT-16,8.7,01-JUL-17,"MONCLOVA","MC"
1,1043730151,"4303589",363.94,"C",3439,06-OCT-16,9.5,21-JUL-17,"MONCLOVA","MC"
1,1064549818,"4306688",270.73,"C",3439,22-OCT-16,8.63,11-JUL-17,"MONCLOVA","MC"
1,1063316615,"4306430",114.17,"D",281,20-OCT-16,7.67,10-JUN-17,"MONCLOVA","MC"
1,1063316616,"4306433",187.08,"D",281,22-OCT-16,9.6,10-AGO-17,"MONCLOVA","MC"
1,959978969,"4284184",630.94,"D",2376,28-JUL-16,12.57,15-AGO-17,"MONCLOVA","MC"
1,959979308,"4284305",442.3,"D",941,28-JUL-16,11.6,16-JUL-17,"MONCLOVA","MC"
1,1064550033,"4306605",168.06,"C",842,26-OCT-16,8.67,16-JUL-17,"MONCLOVA","MC"
1,1063316728,"4306441",652.9,"D",2376,29-OCT-16,9.54,15-AGO-17,"MONCLOVA","MC"
1,1057189344,"4305713",262.36,"D",2085,21-OCT-16,7.64,10-JUN-17,"FRONTERA","MC"
1,992577862,"4291065",443.43,"D",447,29-AGO-16,9.53,15-JUN-17,"MONCLOVA","MC"
1,1064550043,"4306715",305.39,"D",941,28-OCT-16,8.6,16-JUL-17,"MONCLOVA","MC"
1,1051062745,"4304670",330.91,"C",4892,11-OCT-16,10.64,31-AGO-17,"MONCLOVA","MC"
1,959979843,"4284127",202.05,"D",941,29-JUL-16,10.53,15-JUN-17,"MONCLOVA","MC"
1,1064550151,"4306718",412.56,"B",924,25-OCT-16,9.66,15-AGO-17,"MONCLOVA","MC"
1,1051063503,"4304604",444.24,"C",1162,10-OCT-16,7.66,31-MAY-17,"MONCLOVA","MC"
1,980483467,"4288183",247.27,"D",2376,15-AGO-16,9.73,07-JUN-17,"MONCLOVA","MC"
1,1055967066,"4305520",429.64,"C",1149,18-OCT-16,7.63,07-JUN-17,"FRONTERA","MC"
1,1046177179,"4304089",617.12,"D",877,11-OCT-16,10.64,31-AGO-17,"MONCLOVA","MC"
1,1046177181,"4304074",575.45,"D",296,06-OCT-16,9.79,31-JUL-17,"MONCLOVA","MC"
1,1064550255,"4306611",307,"D",941,25-OCT-16,9.5,10-AGO-17,"MONCLOVA","MC"
1,1064549498,"4306674",484.44,"D",941,22-OCT-16,7.6,10-JUN-17,"MONCLOVA","MC"
1,1016866749,"4297769",555.2,"D",447,15-SEP-16,10.73,07-AGO-17,"MONCLOVA","MC"
1,1016867280,"4297593",203.27,"D",447,13-SEP-16,8.8,07-JUN-17,"MONCLOVA","MC"
1,1051062960,"4304678",295.45,"C",4892,19-OCT-16,9.7,10-AGO-17,"MONCLOVA","MC"
1,1046177287,"4304084",195.48,"D",296,11-OCT-16,7.64,31-MAY-17,"MONCLOVA","MC"
1,1046177288,"4304090",325.81,"D",296,10-OCT-16,8.7,01-JUL-17,"MONCLOVA","MC"
1,1046177613,"4304007",651.97,"D",2376,07-OCT-16,10.76,31-AGO-17,"MONCLOVA","MC"
1,1057188795,"4305682",221.29,"D",941,21-OCT-16,8.67,11-JUL-17,"MONCLOVA","MC"
1,980484115,"4288101",616.86,"C",1306,18-AGO-16,11.63,07-AGO-17,"MONCLOVA","MC"
1,992576898,"4291208",460.87,"B",924,24-AGO-16,9.54,10-JUN-17,"MONCLOVA","MC"
1,1018091339,"4298214",274.67,"C",568,30-SEP-16,8.5,15-JUN-17,"MONCLOVA","MC"
1,1063316505,"4306426",164.82,"D",1153,24-OCT-16,8.57,11-JUL-17,"MONCLOVA","MC"
1,959978861,"4284170",565.32,"D",941,27-JUL-16,11.63,16-JUL-17,"MONCLOVA","MC"
1,962394150,"4284773",564.25,"B",1733,30-JUL-16,10.5,15-JUN-17,"MONCLOVA","MC"
1,1062091496,"4306230",349.91,"C",3439,19-OCT-16,8.73,11-JUL-17,"MONCLOVA","MC"
1,1065766220,"4306800",454.11,"D",447,26-OCT-16,7.63,15-JUN-17,"MONCLOVA","MC"
1,1076809005,"4308275",547.66,"D",2376,02-NOV-16,9.57,20-AGO-17,"MONCLOVA","MC"
1,1062091603,"4306233",146,"C",605,22-OCT-16,7.61,10-JUN-17,"MONCLOVA","MC"
1,976856155,"4287283",250.43,"C",3439,10-AGO-16,12.66,31-AGO-17,"MONCLOVA","MC"
1,1060860058,"4305996",311.73,"C",284,29-OCT-16,9.54,15-AGO-17,"MONCLOVA","MC"
1,1065765219,"4306827",452.58,"C",3439,24-OCT-16,7.54,10-JUN-17,"MONCLOVA","MC"
1,974443445,"4286780",279.7,"D",941,20-SEP-16,9.69,11-JUL-17,"MONCLOVA","MC"
1,962393830,"4284724",197.77,"D",2376,31-JUL-16,12.47,15-AGO-17,"MONCLOVA","MC"
1,962394374,"4284887",604.88,"C",459,05-AGO-16,12.48,20-AGO-17,"MONCLOVA","MC"
1,974442899,"4286739",570.64,"D",2376,12-AGO-16,11.82,07-AGO-17,"MONCLOVA","MC"
1,974442900,"4286705",404.4,"D",2376,08-AGO-16,11.73,31-JUL-17,"MONCLOVA","MC"
1,976857044,"4287288",237.7,"D",447,10-AGO-16,10.69,01-JUL-17,"MONCLOVA","MC"
1,962394476,"4284767",570.55,"D",2376,31-JUL-16,12.47,15-AGO-17,"MONCLOVA","MC"
1,1065765445,"4306850",141.54,"D",2376,24-OCT-16,7.54,10-JUN-17,"MONCLOVA","MC"
1,1068219409,"4306967",498.94,"D",876,24-OCT-16,8.57,11-JUL-17,"MONCLOVA","MC"
1,976857700,"4287275",242.77,"D",941,15-AGO-16,9.73,07-JUN-17,"MONCLOVA","MC"
1,962394041,"4284734",509.13,"D",1153,31-JUL-16,11.5,16-JUL-17,"MONCLOVA","MC"
1,1064550918,"4306667",315.25,"B",181,25-OCT-16,9.67,15-AGO-17,"MONCLOVA","MC"
1,1069444406,"4307357",176.95,"D",447,25-OCT-16,8.69,16-JUL-17,"MONCLOVA","MC"
1,1071902270,"4307679",424.81,"C",1149,27-OCT-16,9.6,15-AGO-17,"FRONTERA","MC"
1,1065764663,"4306797",527.91,"C",3439,26-OCT-16,9.64,15-AGO-17,"MONCLOVA","MC"
1,1079272886,"4308783",337.84,"D",2085,07-NOV-16,9.76,31-AGO-17,"FRONTERA","MC"
1,1089105498,"4310108",336.85,"C",3439,12-NOV-16,9.63,31-AGO-17,"MONCLOVA","MC"
1,1098936866,"4311465",548.11,"D",1153,19-NOV-16,8.7,10-AGO-17,"MONCLOVA","MC"
1,1106333450,"4312506",470.52,"D",877,27-NOV-16,8.6,15-AGO-17,"MONCLOVA","MC"
1,1106334685,"4312601",495.99,"D",2376,02-DIC-16,7.6,21-JUL-17,"MONCLOVA","MC"
1,1111254318,"4313118",158.82,"D",2376,30-NOV-16,6.5,15-JUN-17,"MONCLOVA","MC"
1,1111255197,"4313187",234.48,"D",876,29-NOV-16,6.54,15-JUN-17,"MONCLOVA","MC"
1,1080502148,"4308941",372.96,"C",459,08-NOV-16,7.77,01-JUL-17,"MONCLOVA","MC"
1,1098936973,"4311466",163.4,"D",877,18-NOV-16,7.66,08-JUL-17,"MONCLOVA","MC"
1,1107558502,"4312770",538.42,"D",2376,26-NOV-16,7.67,16-JUL-17,"MONCLOVA","MC"
1,1105102563,"4312113",473.96,"D",447,28-NOV-16,7.6,16-JUL-17,"MONCLOVA","MC"
1,1112487282,"4313506",227.84,"D",2085,27-DIC-16,5.6,15-JUN-17,"FRONTERA","MC"
1,1198534028,"4323558",369.45,"C",4892,09-FEB-17,3.7,31-MAY-17,"MONCLOVA","MC"
1,1108790670,"4312980",388.81,"D",2376,27-NOV-16,8.6,15-AGO-17,"MONCLOVA","MC"
1,1073126351,"4307884",201.46,"D",1153,28-OCT-16,8.6,16-JUL-17,"MONCLOVA","MC"
1,1097713928,"4311200",451.74,"C",3439,17-NOV-16,6.67,07-JUN-17,"MONCLOVA","MC"
1,1110019459,"4313023",568.14,"D",2376,06-DIC-16,7.79,31-JUL-17,"MONCLOVA","MC"
1,1090328434,"4310280",596.42,"D",941,12-NOV-16,8.63,31-JUL-17,"MONCLOVA","MC"
1,1106333561,"4312521",406.31,"D",2376,15-FEB-17,4.76,08-JUL-17,"MONCLOVA","MC"
1,1106333897,"4312584",474.58,"D",877,30-NOV-16,6.51,15-JUN-17,"MONCLOVA","MC"
1,1110019565,"4313036",613.8,"D",2376,21-DIC-16,7.66,10-AGO-17,"MONCLOVA","MC"
1,1111254531,"4313127",271.13,"D",2376,29-NOV-16,6.54,15-JUN-17,"MONCLOVA","MC"
1,1070674896,"4307631",261.59,"D",2376,27-OCT-16,8.63,16-JUL-17,"MONCLOVA","MC"
1,1086639439,"4309617",251.4,"D",941,09-NOV-16,7.73,01-JUL-17,"MONCLOVA","MC"
1,1107558619,"4312788",541.53,"D",877,30-NOV-16,8.5,15-AGO-17,"MONCLOVA","MC"
1,1105103778,"4312316",192.89,"D",1153,25-NOV-16,8.51,10-AGO-17,"MONCLOVA","MC"
1,1070674454,"4307497",168.06,"C",767,26-OCT-16,8.66,16-JUL-17,"MONCLOVA","MC"
1,1089105171,"4310094",329.71,"D",2376,14-NOV-16,8.76,07-AGO-17,"MONCLOVA","MC"
1,1089105172,"4310203",200.69,"C",77,14-NOV-16,7.79,08-JUL-17,"MONCLOVA","MC"
1,1106333571,"4312651",427.19,"D",877,29-NOV-16,7.6,16-JUL-17,"MONCLOVA","MC"
1,1112487499,"4313402",351.25,"D",2376,29-NOV-16,7.56,16-JUL-17,"MONCLOVA","MC"
1,1070673910,"4307456",144.79,"C",1149,26-OCT-16,7.63,15-JUN-17,"FRONTERA","MC"
1,1080502587,"4308964",311.82,"D",890,16-NOV-16,8.69,07-AGO-17,"MONCLOVA","MC"
1,1106334791,"4312608",329.15,"D",2376,05-DIC-16,7.5,21-JUL-17,"MONCLOVA","MC"
1,1070674466,"4307606",275.85,"D",1813,27-OCT-16,7.6,15-JUN-17,"MONCLOVA","MC"
1,1079273318,"4308686",551.6,"D",447,14-NOV-16,7.79,08-JUL-17,"MONCLOVA","MC"
1,1080503457,"4308897",287.73,"D",876,03-NOV-16,7.54,20-JUN-17,"MONCLOVA","MC"
1,1111254646,"4313141",513.73,"D",2376,02-DIC-16,7.6,21-JUL-17,"MONCLOVA","MC"
1,1112487610,"4313415",193.48,"D",2376,29-NOV-16,7.57,16-JUL-17,"MONCLOVA","MC"
1,1081726873,"4309101",672.76,"C",170,09-NOV-16,9.7,31-AGO-17,"MONCLOVA","MC"
1,1106334117,"4312440",282.57,"D",877,26-NOV-16,7.66,16-JUL-17,"MONCLOVA","MC"
1,1108790124,"4312949",411.74,"D",447,28-NOV-16,7.61,16-JUL-17,"MONCLOVA","MC"
1,1111255748,"4313098",420.25,"D",2376,28-NOV-16,6.57,15-JUN-17,"MONCLOVA","MC"
1,1105103987,"4312106",480.6,"D",1153,24-NOV-16,7.56,11-JUL-17,"MONCLOVA","MC"
1,1111254752,"4313148",389.36,"D",877,26-ENE-17,5.67,16-JUL-17,"MONCLOVA","MC"
1,1090328091,"4310355",321.19,"D",2376,17-NOV-16,8.67,07-AGO-17,"MONCLOVA","MC"
1,1097710947,"4311232",335.75,"C",339,17-NOV-16,7.69,08-JUL-17,"MONCLOVA","MC"
1,1111254207,"4313112",410.79,"D",876,03-DIC-16,8.54,20-AGO-17,"MONCLOVA","MC"
1,1090329094,"4310322",96.08,"C",1149,11-NOV-16,6.63,31-MAY-17,"FRONTERA","MC"
1,1111254763,"4313255",399.81,"D",2376,16-DIC-16,5.69,07-JUN-17,"MONCLOVA","MC"
1,1108792650,"4312907",443.67,"D",354,26-NOV-16,6.63,15-JUN-17,"MONCLOVA","MC"
1,1128527364,"4315584",113.28,"D",695,28-ENE-17,6.57,15-AGO-17,"MONCLOVA","MC"
1,1132237906,"4316252",125.5,"D",695,29-ENE-17,5.59,16-JUL-17,"MONCLOVA","MC"
1,1096474514,"4311117",138.82,"D",877,30-NOV-16,6.51,15-JUN-17,"MONCLOVA","MC"
1,1094019407,"4310688",203.5,"C",75,15-NOV-16,7.77,08-JUL-17,"MONCLOVA","MC"
1,1095244473,"4310820",103.4,"D",447,15-NOV-16,6.73,07-JUN-17,"MONCLOVA","MC"
1,1096474613,"4311013",294.46,"C",3439,17-NOV-16,6.66,07-JUN-17,"MONCLOVA","MC"
1,1121123091,"4314594",105.69,"D",177,06-DIC-16,5.79,31-MAY-17,"MONCLOVA","MC"
1,1123597080,"4314939",249.8,"C",1306,09-DIC-16,5.69,31-MAY-17,"MONCLOVA","MC"
1,1129768145,"4315837",496.33,"D",695,02-FEB-17,5.6,21-JUL-17,"MONCLOVA","MC"
1,1129769492,"4315821",566.9,"D",695,31-ENE-17,6.47,15-AGO-17,"MONCLOVA","MC"
1,1124826965,"4315131",395.29,"D",248,14-DIC-16,5.76,07-JUN-17,"MONCLOVA","MC"
1,1119887181,"4314450",350.6,"C",783,12-DIC-16,6.86,08-JUL-17,"MONCLOVA","MC"
1,1123596539,"4315017",420.74,"D",248,14-DIC-16,5.76,07-JUN-17,"MONCLOVA","MC"
1,1129769497,"4315936",505.72,"D",695,28-ENE-17,5.6,16-JUL-17,"MONCLOVA","MC"
1,1095245241,"4310771",330.94,"C",3439,15-NOV-16,7.77,08-JUL-17,"MONCLOVA","MC"
1,1132236433,"4316294",451.35,"D",695,29-ENE-17,6.54,15-AGO-17,"MONCLOVA","MC"
1,1116193612,"4314025",440.07,"D",2376,16-DIC-16,6.73,08-JUL-17,"MONCLOVA","MC"
1,1096474169,"4310993",199.65,"D",941,17-NOV-16,7.7,08-JUL-17,"MONCLOVA","MC"
1,1134713762,"4316600",299.89,"D",177,07-FEB-17,5.77,31-JUL-17,"MONCLOVA","MC"
1,1116193617,"4314002",418.32,"C+",5,28-DIC-16,5.57,15-JUN-17,"MONCLOVA","MC"
1,1116194174,"4314149",407.1,"D",248,05-DIC-16,6.47,20-JUN-17,"MONCLOVA","MC"
1,1119888063,"4314387",228.68,"D",2376,12-DIC-16,6.86,08-JUL-17,"MONCLOVA","MC"
1,1121122083,"4314533",206.98,"D",177,15-DIC-16,7.73,07-AGO-17,"MONCLOVA","MC"
1,1123597302,"4314962",133.4,"D",248,09-DIC-16,6.73,01-JUL-17,"MONCLOVA","MC"
1,1133479573,"4316459",151.25,"D",695,28-ENE-17,5.6,16-JUL-17,"MONCLOVA","MC"
1,1134713763,"4316601",150.09,"C",1306,21-DIC-16,5.63,10-JUN-17,"MONCLOVA","MC"
1,1087864179,"4309852",290.7,"C",4892,16-NOV-16,8.7,07-AGO-17,"MONCLOVA","MC"
1,1128528137,"4315662",379.69,"D",695,28-ENE-17,6.57,15-AGO-17,"MONCLOVA","MC"
1,1133479683,"4316463",476.44,"D",695,28-ENE-17,6.57,15-AGO-17,"MONCLOVA","MC"
1,1124827300,"4315140",375.33,"D",248,16-DIC-16,5.69,07-JUN-17,"MONCLOVA","MC"
1,1128527027,"4315564",465.52,"B",924,12-DIC-16,6.85,08-JUL-17,"MONCLOVA","MC"
1,1087864284,"4309863",741.26,"D",2085,11-NOV-16,7.66,01-JUL-17,"FRONTERA","MC"
1,1095244253,"4310825",268.97,"D",753,15-NOV-16,6.73,07-JUN-17,"MONCLOVA","MC"
1,1096474955,"4311032",502.87,"D",890,29-NOV-16,7.57,16-JUL-17,"MONCLOVA","MC"
1,1140295211,"4317336",209.38,"C",605,27-DIC-16,7.6,15-AGO-17,"MONCLOVA","MC"
1,1091557101,"4310506",326.77,"D",941,14-NOV-16,7.8,08-JUL-17,"MONCLOVA","MC"
1,1123596325,"4315009",279.51,"D",308,16-DIC-16,7.7,07-AGO-17,"MONCLOVA","MC"
1,1129768027,"4315706",147.63,"D",695,29-ENE-17,6.54,15-AGO-17,"MONCLOVA","MC"
1,1129768932,"4315893",333.85,"D",695,29-ENE-17,6.54,15-AGO-17,"MONCLOVA","MC"
1,1130996887,"4316125",133.65,"D",695,28-ENE-17,6.57,15-AGO-17,"MONCLOVA","MC"
1,1096475063,"4311042",171.5,"C",1149,16-NOV-16,8.7,07-AGO-17,"FRONTERA","MC"
1,1128528127,"4315523",322.4,"D",695,29-ENE-17,6.54,15-AGO-17,"MONCLOVA","MC"
1,1130997903,"4316038",396.76,"D",100,30-ENE-17,6.51,15-AGO-17,"MONCLOVA","MC"
1,1128523513,"4315475",449.65,"D",695,28-ENE-17,5.6,16-JUL-17,"MONCLOVA","MC"
1,1123596972,"4314931",149.44,"D",877,21-DIC-16,6.69,11-JUL-17,"MONCLOVA","MC"
1,1123596974,"4314937",479.56,"D",2376,13-DIC-16,6.83,08-JUL-17,"MONCLOVA","MC"
1,1128527254,"4315633",485.77,"D",695,29-ENE-17,5.57,16-JUL-17,"MONCLOVA","MC"
1,1122362986,"4314828",409.99,"D",248,14-DIC-16,5.77,07-JUN-17,"MONCLOVA","MC"
1,1122364735,"4314816",107,"D",177,14-DIC-16,5.76,07-JUN-17,"MONCLOVA","MC"
1,1112488156,"4313443",251.51,"D",2376,15-DIC-16,5.73,07-JUN-17,"MONCLOVA","MC"
1,1141527552,"4317563",392.69,"C",3439,10-ENE-17,6.66,31-JUL-17,"MONCLOVA","MC"
1,1146480347,"4317763",193.33,"D",248,30-DIC-16,6.56,16-JUL-17,"MONCLOVA","MC"
1,1113722086,"4313772",190.4,"D",877,30-NOV-16,8.5,15-AGO-17,"MONCLOVA","MC"
1,1113722088,"4313779",538.89,"D",2376,07-DIC-16,6.82,01-JUL-17,"MONCLOVA","MC"
1,1126063179,"4315289",453.97,"D",2376,24-ENE-17,5.5,08-JUL-17,"MONCLOVA","MC"
1,1126063198,"4315315",429.47,"D",695,30-ENE-17,6.5,15-AGO-17,"MONCLOVA","MC"
1,1138757358,"4316935",305.29,"C",3439,21-DIC-16,6.66,11-JUL-17,"MONCLOVA","MC"
1,1112487937,"4313337",512.72,"D",877,30-NOV-16,7.54,16-JUL-17,"MONCLOVA","MC"
1,1141526783,"4317496",400.68,"C",3439,03-ENE-17,5.54,20-JUN-17,"MONCLOVA","MC"
1,1147723590,"4317985",284.91,"C",4892,29-DIC-16,6.57,16-JUL-17,"MONCLOVA","MC"
1,1126061532,"4315297",465.58,"D",100,07-FEB-17,6.76,31-AGO-17,"MONCLOVA","MC"
1,1112487947,"4313551",281.67,"D",2376,01-DIC-16,7.5,16-JUL-17,"MONCLOVA","MC"
1,1141528096,"4317472",302.01,"D",2085,28-DIC-16,6.6,16-JUL-17,"FRONTERA","MC"
1,1147724154,"4318015",177.78,"B",240,29-DIC-16,5.53,15-JUN-17,"MONCLOVA","MC"
1,1145241780,"4317639",325.29,"D",2376,10-ENE-17,7.67,31-AGO-17,"MONCLOVA","MC"
1,1140296535,"4317327",237.24,"D",1499,11-ENE-17,4.64,31-MAY-17,"MONCLOVA","MC"
1,1148718592,"4318020",176,"D",2376,10-ENE-17,5.7,01-JUL-17,"MONCLOVA","MC"
1,1113721968,"4313649",140.7,"D",2376,08-MAY-17,1.77,01-JUL-17,"MONCLOVA","MC"
1,1141527332,"4317544",267.17,"D",1153,26-DIC-16,7.63,15-AGO-17,"MONCLOVA","MC"
1,1100177377,"4311651",282.39,"C",3439,23-NOV-16,6.57,10-JUN-17,"MONCLOVA","MC"
1,1113721973,"4313646",173.11,"D",2376,27-DIC-16,6.64,16-JUL-17,"MONCLOVA","MC"
1,1146479586,"4317784",161.75,"D",100,28-ENE-17,6.57,15-AGO-17,"MONCLOVA","MC"
1,1147724473,"4318039",245.99,"D",284,04-ENE-17,7.5,20-AGO-17,"MONCLOVA","MC"
1,1112488488,"4313480",185.04,"D",2376,29-NOV-16,7.56,16-JUL-17,"MONCLOVA","MC"
1,1113723178,"4313624",209.24,"D",2376,30-NOV-16,7.53,16-JUL-17,"MONCLOVA","MC"
1,1126061982,"4315355",402.58,"D",695,28-ENE-17,6.57,15-AGO-17,"MONCLOVA","MC"
1,1215957283,"4325905",449.3,"D",2376,22-FEB-17,4.64,11-JUL-17,"MONCLOVA","MC"
1,1217195476,"4326095",140.37,"D",2376,23-FEB-17,4.63,11-JUL-17,"MONCLOVA","MC"
1,1167527219,"4320064",191.58,"D",308,25-ENE-17,6.67,15-AGO-17,"MONCLOVA","MC"
1,1193577693,"4323256",638.02,"D",536,09-FEB-17,6.7,31-AGO-17,"MONCLOVA","MC"
1,1198534802,"4323661",497.95,"D",695,09-FEB-17,4.76,01-JUL-17,"MONCLOVA","MC"
1,1208485679,"4325043",154.57,"D+",868,23-FEB-17,4.6,11-JUL-17,"MONCLOVA","MC"
1,1212223456,"4325516",405.36,"D+",448,22-FEB-17,4.64,11-JUL-17,"MONCLOVA","MC"
1,1217195584,"4326110",322.34,"D",2376,23-FEB-17,4.63,11-JUL-17,"MONCLOVA","MC"
1,1193577801,"4323252",305.98,"D",536,14-FEB-17,4.79,08-JUL-17,"MONCLOVA","MC"
1,1201022339,"4324067",219.85,"D+",868,23-FEB-17,5.57,10-AGO-17,"MONCLOVA","MC"
1,1212223561,"4325522",439.46,"D",2376,11-MAR-17,5.66,31-AGO-17,"MONCLOVA","MC"
1,1212223562,"4325519",161.69,"D",2376,28-FEB-17,4.6,16-JUL-17,"MONCLOVA","MC"
1,1218439230,"4326172",210.29,"D",2376,24-FEB-17,5.53,10-AGO-17,"MONCLOVA","MC"
1,1151184406,"4318438",232.04,"D",308,11-ENE-17,6.64,31-JUL-17,"MONCLOVA","MC"
1,1189843702,"4322685",656.8,"D",695,01-FEB-17,6.45,15-AGO-17,"MONCLOVA","MC"
1,1198534360,"4323507",410.41,"C",344,17-FEB-17,5.67,07-AGO-17,"MONCLOVA","MC"
1,1198535238,"4323563",549.21,"D+",868,10-FEB-17,6.69,31-AGO-17,"MONCLOVA","MC"
1,1203200706,"4324156",350.31,"D+",868,26-FEB-17,5.66,15-AGO-17,"MONCLOVA","MC"
1,1209730658,"4325135",184.91,"C",3439,09-MAR-17,2.7,31-MAY-17,"MONCLOVA","MC"
1,1215958051,"4325951",426.96,"D",695,24-FEB-17,4.57,11-JUL-17,"MONCLOVA","MC"
1,1167527338,"4320069",221.96,"D",240,17-FEB-17,4.7,08-JUL-17,"MONCLOVA","MC"
1,1189843157,"4322767",391.69,"C",568,01-FEB-17,4.6,20-JUN-17,"MONCLOVA","MC"
1,1199551496,"4323570",202.6,"B",213,09-FEB-17,3.7,31-MAY-17,"MONCLOVA","MC"
1,1212224755,"4325481",482.11,"D",2376,22-FEB-17,5.6,10-AGO-17,"MONCLOVA","MC"
1,1217195692,"4326078",214.65,"D",2376,03-MAR-17,3.56,20-JUN-17,"MONCLOVA","MC"
1,1173718905,"4320639",506.27,"C",4892,18-ENE-17,5.66,08-JUL-17,"MONCLOVA","MC"
1,1173719456,"4320795",469.31,"D",695,11-FEB-17,4.66,01-JUL-17,"MONCLOVA","MC"
1,1179919187,"4321346",472.68,"D",941,23-ENE-17,5.6,11-JUL-17,"MONCLOVA","MC"
1,1193579009,"4323205",299.16,"D",876,10-FEB-17,3.67,31-MAY-17,"MONCLOVA","MC"
1,1198534369,"4323625",557.18,"D",536,08-FEB-17,6.73,31-AGO-17,"MONCLOVA","MC"
1,1198534808,"4323665",295.26,"D",695,08-FEB-17,6.73,31-AGO-17,"MONCLOVA","MC"
1,1201979292,"4324004",273.05,"D+",868,10-FEB-17,5.66,31-JUL-17,"MONCLOVA","MC"
1,1167244962,"4319823",278.82,"C",4892,13-ENE-17,4.8,07-JUN-17,"MONCLOVA","MC"
1,1159883587,"4319115",326.21,"C",3439,11-ENE-17,4.63,31-MAY-17,"MONCLOVA","MC"
1,1198534372,"4323634",150,"D+",868,08-FEB-17,5.73,31-JUL-17,"MONCLOVA","MC"
1,1202273516,"4324175",151.03,"D+",868,10-FEB-17,6.66,31-AGO-17,"MONCLOVA","MC"
1,1202273517,"4324177",195.47,"D+",868,14-FEB-17,3.77,07-JUN-17,"MONCLOVA","MC"
1,1209730223,"4325244",423.24,"D",2085,24-FEB-17,5.53,10-AGO-17,"FRONTERA","MC"
1,1212223778,"4325539",352.8,"D",2376,21-FEB-17,3.66,10-JUN-17,"MONCLOVA","MC"
1,1215958157,"4325829",465,"D",2376,01-MAR-17,4.64,21-JUL-17,"MONCLOVA","MC"
1,1173719558,"4320681",162.62,"D",1499,25-ENE-17,4.66,15-JUN-17,"MONCLOVA","MC"
1,1195757777,"4323398",555.28,"D",536,03-MAR-17,5.54,20-AGO-17,"MONCLOVA","MC"
1,1198534030,"4323490",289.44,"B",909,08-FEB-17,4.76,01-JUL-17,"MONCLOVA","MC"
1,1150182810,"4318431",194.38,"D",308,06-ENE-17,7.79,31-AGO-17,"MONCLOVA","MC"
1,1150183693,"4318372",127,"D",1153,21-ENE-17,4.64,10-JUN-17,"MONCLOVA","MC"
1,1167526685,"4320151",507.6,"D",489,20-ENE-17,5.7,11-JUL-17,"MONCLOVA","MC"
1,1189842811,"4322611",265.73,"D",695,10-FEB-17,4.7,01-JUL-17,"MONCLOVA","MC"
1,1193577912,"4323266",358.24,"D",536,10-FEB-17,6.69,31-AGO-17,"MONCLOVA","MC"
1,1195783032,"4323343",260.05,"D",536,14-FEB-17,4.79,08-JUL-17,"MONCLOVA","MC"
1,1202273728,"4324181",375.48,"D+",868,10-FEB-17,5.66,31-JUL-17,"MONCLOVA","MC"
1,1188602222,"4322395",648.02,"C",4892,09-FEB-17,6.69,31-AGO-17,"MONCLOVA","MC"
1,1215958266,"4325836",439.63,"D",2376,23-FEB-17,4.6,11-JUL-17,"MONCLOVA","MC"
1,1173719567,"4320806",171,"D",877,25-ENE-17,5.7,16-JUL-17,"MONCLOVA","MC"
1,1186126938,"4322266",383.18,"D",90,02-FEB-17,6.57,20-AGO-17,"MONCLOVA","MC"
1,1191091617,"4322845",362.12,"D",695,16-FEB-17,3.72,07-JUN-17,"MONCLOVA","MC"
1,1194820170,"4323384",513.67,"D+",448,23-FEB-17,5.57,10-AGO-17,"MONCLOVA","MC"
1,1198535346,"4323572",486.59,"D+",868,10-FEB-17,5.69,31-JUL-17,"MONCLOVA","MC"
1,1200800026,"4323716",392.5,"D",536,09-FEB-17,6.72,31-AGO-17,"MONCLOVA","MC"
1,1209731097,"4325172",401.05,"D",1153,17-FEB-17,3.69,07-JUN-17,"MONCLOVA","MC"
1,1213462532,"4325589",131.51,"D",2376,23-FEB-17,4.63,11-JUL-17,"MONCLOVA","MC"
1,1217204134,"4326130",290.3,"D",536,24-FEB-17,5.56,10-AGO-17,"MONCLOVA","MC"
1,1150182924,"4318444",213.02,"B",369,04-ENE-17,7.51,20-AGO-17,"MONCLOVA","MC"
1,1150183908,"4318382",367.3,"D",387,11-ENE-17,6.63,31-JUL-17,"MONCLOVA","MC"
1,1194820278,"4323391",407.19,"C",3439,10-FEB-17,6.69,31-AGO-17,"MONCLOVA","MC"
1,1198535016,"4323545",270.11,"D+",868,09-FEB-17,5.69,31-JUL-17,"MONCLOVA","MC"
1,1200804670,"4323801",367.75,"D",876,08-FEB-17,6.73,31-AGO-17,"MONCLOVA","MC"
1,1201022121,"4324052",615.34,"D+",868,10-FEB-17,6.67,31-AGO-17,"MONCLOVA","MC"
1,1209730336,"4325252",410.23,"D",695,21-FEB-17,5.64,10-AGO-17,"MONCLOVA","MC"
1,1202272433,"4324222",265.86,"D+",868,10-FEB-17,6.66,31-AGO-17,"MONCLOVA","MC"
1,1212224212,"4325566",294.83,"D+",448,08-MAR-17,5.73,31-AGO-17,"MONCLOVA","MC"
1,1217195147,"4326040",382.32,"D",2376,22-FEB-17,5.6,10-AGO-17,"MONCLOVA","MC"
1,1217204247,"4326131",357.4,"D+",868,24-FEB-17,5.54,10-AGO-17,"MONCLOVA","MC"
1,1176193504,"4321163",191.68,"D",489,24-ENE-17,5.57,11-JUL-17,"MONCLOVA","MC"
1,1158858430,"4319111",216.7,"C",3439,25-ENE-17,5.7,16-JUL-17,"MONCLOVA","MC"
1,1168546781,"4320149",419.52,"D",890,17-ENE-17,6.67,07-AGO-17,"MONCLOVA","MC"
1,1189842924,"4322622",216.63,"D",179,04-FEB-17,4.5,20-JUN-17,"MONCLOVA","MC"
1,1192328655,"4323061",183.71,"D",695,15-FEB-17,5.76,07-AGO-17,"MONCLOVA","MC"
1,1202272436,"4324239",540.1,"C",339,01-MAR-17,5.46,15-AGO-17,"MONCLOVA","MC"
1,1218438366,"4326243",460.99,"D",2376,02-MAR-17,4.6,21-JUL-17,"MONCLOVA","MC"
1,1218438368,"4326321",558.59,"D",2376,24-FEB-17,5.54,10-AGO-17,"MONCLOVA","MC"
1,1171244266,"4320312",318.01,"D",890,25-ENE-17,6.53,10-AGO-17,"MONCLOVA","MC"
1,1198535125,"4323554",407.94,"D+",868,09-FEB-17,5.7,31-JUL-17,"MONCLOVA","MC"
1,1215957931,"4325814",153.99,"D",2376,03-MAR-17,4.57,21-JUL-17,"MONCLOVA","MC"
1,1171244271,"4320327",186.08,"D",1499,18-ENE-17,4.63,07-JUN-17,"MONCLOVA","MC"
1,1193577580,"4323240",224.16,"D",2085,09-FEB-17,4.76,01-JUL-17,"FRONTERA","MC"
1,1194558850,"4323203",492.48,"D",536,07-FEB-17,5,07-JUL-17,"MONCLOVA","MC"
1,1194820502,"4323408",380.83,"D",536,07-FEB-17,5.76,31-JUL-17,"MONCLOVA","MC"
1,1201021689,"4324040",544.98,"D+",868,11-FEB-17,6.63,31-AGO-17,"MONCLOVA","MC"
1,1209730543,"4325129",475.51,"D+",448,10-MAR-17,3.7,01-JUL-17,"MONCLOVA","MC"
1,1212223341,"4325497",309.16,"D",2376,23-FEB-17,3.57,10-JUN-17,"MONCLOVA","MC"
1,1215957168,"4325884",243.57,"D",489,03-MAR-17,5.54,20-AGO-17,"MONCLOVA","MC"
1,1215957169,"4325888",472.57,"D",248,08-MAR-17,5.73,31-AGO-17,"MONCLOVA","MC"
1,1215958598,"4325856",315.52,"C",842,06-MAR-17,3.82,01-JUL-17,"MONCLOVA","MC"
1,1167526358,"4320125",129.25,"D",941,16-ENE-17,4.7,07-JUN-17,"MONCLOVA","MC"
1,1171244377,"4320319",118.88,"C",465,26-ENE-17,4.63,15-JUN-17,"FRONTERA","MC"
1,1179918535,"4321430",120.75,"D",489,24-ENE-17,4.53,10-JUN-17,"MONCLOVA","MC"
1,1189843035,"4322635",149.57,"D",695,17-FEB-17,5.67,07-AGO-17,"MONCLOVA","MC"
1,1189844139,"4322713",409.19,"C",3439,01-FEB-17,4.6,20-JUN-17,"MONCLOVA","MC"
1,1201021691,"4324022",259.63,"D",1499,24-FEB-17,3.54,10-JUN-17,"MONCLOVA","MC"
1,1201022234,"4324060",584.35,"D",248,17-FEB-17,5.69,07-AGO-17,"MONCLOVA","MC"
1,1215957938,"4325940",399.05,"D",2376,27-FEB-17,4.66,16-JUL-17,"MONCLOVA","MC"
1,1202272643,"4324113",434.11,"D+",868,10-FEB-17,6.67,31-AGO-17,"MONCLOVA","MC"
1,1208484705,"4324968",364.79,"D+",868,21-FEB-17,3.66,10-JUN-17,"MONCLOVA","MC"
1,1208485576,"4325036",362.12,"D+",448,21-FEB-17,3.63,10-JUN-17,"MONCLOVA","MC"
1,1212223453,"4325507",541.73,"D",536,06-MAR-17,5.8,31-AGO-17,"MONCLOVA","MC"
1,1177438886,"4321281",173.93,"D",877,27-ENE-17,6.6,15-AGO-17,"MONCLOVA","MC"
1,1260858546,"4330696",118.33,"D",536,30-MAR-17,2.51,15-JUN-17,"MONCLOVA","MC"
1,1177438994,"4321286",402.36,"C",1162,23-ENE-17,6.57,10-AGO-17,"MONCLOVA","MC"
1,1182405756,"4321795",226.88,"C",3439,04-FEB-17,6.53,20-AGO-17,"MONCLOVA","MC"
1,1228412949,"4327382",404.5,"D+",868,04-MAR-17,5.53,20-AGO-17,"MONCLOVA","MC"
1,1244616821,"4329073",173.24,"D",308,16-MAR-17,2.7,07-JUN-17,"MONCLOVA","MC"
1,1244617692,"4329132",94.4,"D",536,07-ABR-17,1.77,31-MAY-17,"MONCLOVA","MC"
1,1228412951,"4327362",384.79,"D",2376,06-MAR-17,3.82,01-JUL-17,"MONCLOVA","MC"
1,1244616823,"4329078",258.58,"D+",448,16-MAR-17,3.73,08-JUL-17,"MONCLOVA","MC"
1,1245865934,"4329268",314.57,"D",2085,01-ABR-17,3.5,16-JUL-17,"FRONTERA","MC"
1,1270863784,"4331760",460.1,"C",3439,06-ABR-17,4.79,31-AGO-17,"MONCLOVA","MC"
1,1270864450,"4331826",379.87,"D",1153,05-MAY-17,2.51,21-JUL-17,"MONCLOVA","MC"
1,1199780040,"4323793",228.57,"D+",868,09-FEB-17,6.7,31-AGO-17,"MONCLOVA","MC"
1,1199780041,"4323798",375.48,"D+",868,09-FEB-17,5.69,31-JUL-17,"MONCLOVA","MC"
1,1229426112,"4327385",384.86,"D",1153,06-MAR-17,4.8,31-JUL-17,"MONCLOVA","MC"
1,1263357032,"4330984",169.34,"C",392,05-ABR-17,2.48,20-JUN-17,"MONCLOVA","MC"
1,1268358417,"4331379",194.27,"C",790,26-ABR-17,1.63,15-JUN-17,"MONCLOVA","MC"
1,1244616932,"4329082",365.76,"C",568,17-MAR-17,4.69,07-AGO-17,"MONCLOVA","MC"
1,1262106088,"4330862",400.04,"C",3439,03-ABR-17,4.54,20-AGO-17,"MONCLOVA","MC"
1,1165042426,"4319700",156.5,"C",4892,12-ENE-17,4.83,07-JUN-17,"MONCLOVA","MC"
1,1199780147,"4323804",279.21,"D+",868,09-FEB-17,5.69,31-JUL-17,"MONCLOVA","MC"
1,1233397242,"4327797",159.96,"D",2376,09-MAR-17,5.7,31-AGO-17,"MONCLOVA","MC"
1,1299673828,"4334267",194.52,"C",818,03-MAY-17,3.54,20-AGO-17,"MONCLOVA","MC"
1,1245867025,"4329219",428.57,"D+",448,17-MAR-17,3.69,08-JUL-17,"MONCLOVA","MC"
1,1252118647,"4329788",191.39,"D",511,23-MAR-17,4.59,10-AGO-17,"MONCLOVA","MC"
1,1254619149,"4330103",166.93,"D",2376,05-ABR-17,4.48,20-AGO-17,"MONCLOVA","MC"
1,1255860952,"4330251",376.56,"D+",868,27-MAR-17,4.6,15-AGO-17,"MONCLOVA","MC"
1,1267101972,"4331240",471.01,"B",1733,04-ABR-17,4.51,20-AGO-17,"MONCLOVA","MC"
1,1177438334,"4321237",198.5,"D",1499,25-ENE-17,6.53,10-AGO-17,"MONCLOVA","MC"
1,1228413172,"4327384",412.14,"D",695,08-MAR-17,3.76,01-JUL-17,"MONCLOVA","MC"
1,1228413173,"4327386",615.04,"D",536,06-MAR-17,5.79,31-AGO-17,"MONCLOVA","MC"
1,1233398225,"4327740",324.72,"D",511,08-MAR-17,3.79,01-JUL-17,"MONCLOVA","MC"
1,1262106196,"4330873",137.67,"D",511,30-MAR-17,3.53,16-JUL-17,"MONCLOVA","MC"
1,1267103056,"4331184",232.48,"D",941,13-ABR-17,1.79,07-JUN-17,"MONCLOVA","MC"
1,1184877022,"4322138",375.93,"D",489,30-ENE-17,4.51,15-JUN-17,"MONCLOVA","MC"
1,1233396806,"4327767",283.58,"D+",868,10-MAR-17,5.67,31-AGO-17,"MONCLOVA","MC"
1,1245596136,"4329115",238.12,"D",2376,03-ABR-17,4.54,20-AGO-17,"MONCLOVA","MC"
1,1252118760,"4329795",241.46,"D",354,28-MAR-17,2.41,10-JUN-17,"MONCLOVA","MC"
1,1242117682,"4328729",420.36,"D",877,17-MAR-17,3.72,08-JUL-17,"MONCLOVA","MC"
1,1244617150,"4329114",480.68,"C",3273,30-MAR-17,4.51,15-AGO-17,"MONCLOVA","MC"
1,1182405532,"4321772",350.75,"D",2376,24-FEB-17,4.57,11-JUL-17,"MONCLOVA","MC"
1,1190836292,"4322706",309.06,"B",240,18-FEB-17,4.66,08-JUL-17,"MONCLOVA","MC"
1,1270864011,"4331776",232.48,"D",2376,06-ABR-17,1.8,31-MAY-17,"MONCLOVA","MC"
1,1233396810,"4327769",237.1,"D",695,08-MAR-17,5.73,31-AGO-17,"MONCLOVA","MC"
1,1235654790,"4328046",247.43,"D+",868,09-MAR-17,5.72,31-AGO-17,"MONCLOVA","MC"
1,1182406412,"4321840",394.03,"D",248,26-ENE-17,4.63,15-JUN-17,"MONCLOVA","MC"
1,1165042760,"4319719",334.31,"D",1499,12-ENE-17,6.83,07-AGO-17,"MONCLOVA","MC"
1,1232147620,"4327614",159,"D",511,08-MAR-17,5.73,31-AGO-17,"MONCLOVA","MC"
1,1271832309,"4331765",136.85,"C",3439,10-MAY-17,1.7,01-JUL-17,"MONCLOVA","MC"
1,1182406413,"4321845",278.9,"C",3439,26-ENE-17,4.64,15-JUN-17,"MONCLOVA","MC"
1,1165042867,"4319734",703.36,"B",240,17-ENE-17,5.72,08-JUL-17,"MONCLOVA","MC"
1,1177438668,"4321265",404.2,"C",1149,31-ENE-17,4.47,15-JUN-17,"FRONTERA","MC"
1,1177438669,"4321268",461.3,"D",169,22-FEB-17,5.6,10-AGO-17,"FRONTERA","MC"
1,1242118235,"4328778",281.23,"C",3273,16-MAR-17,2.69,07-JUN-17,"MONCLOVA","MC"
1,1263136630,"4330880",427.9,"C",3273,31-MAR-17,3.53,16-JUL-17,"MONCLOVA","MC"
1,1263356597,"4330953",176.97,"D",447,01-ABR-17,2.47,15-JUN-17,"MONCLOVA","MC"
1,1270863563,"4331742",209.25,"C",465,21-ABR-17,2.66,11-JUL-17,"FRONTERA","MC"
1,1270863564,"4331746",268.45,"C",3439,06-ABR-17,1.79,31-MAY-17,"MONCLOVA","MC"
1,1270864891,"4331850",193,"D",1813,07-ABR-17,2.8,01-JUL-17,"MONCLOVA","MC"
1,1182405644,"4321781",277.11,"C",842,25-ENE-17,4.66,15-JUN-17,"MONCLOVA","MC"
1,1242119109,"4328724",330.6,"D",1813,14-MAR-17,2.77,07-JUN-17,"MONCLOVA","MC"
1,1244617475,"4329124",268.45,"D",2376,06-ABR-17,1.8,31-MAY-17,"MONCLOVA","MC"
1,1254618708,"4330078",233.19,"D",308,24-MAR-17,3.56,11-JUL-17,"MONCLOVA","MC"
1,1267103278,"4331194",196.5,"C",3439,06-ABR-17,1.79,31-MAY-17,"MONCLOVA","MC"
1,1268358197,"4331369",193.82,"C",790,20-ABR-17,1.67,10-JUN-17,"MONCLOVA","MC"
1,1270864333,"4331802",446.1,"C",3439,06-ABR-17,4.79,31-AGO-17,"MONCLOVA","MC"
1,1273371307,"4332061",219.23,"D",1499,10-ABR-17,2.7,01-JUL-17,"MONCLOVA","MC"
1,1228411971,"4327424",504.41,"D",941,04-MAR-17,4.56,21-JUL-17,"MONCLOVA","MC"
1,1242118346,"4328791",290.76,"C",1306,15-MAR-17,4.73,07-AGO-17,"MONCLOVA","MC"
1,1260859311,"4330752",279.7,"D",941,19-ABR-17,2.73,11-JUL-17,"MONCLOVA","MC"
1,1272115641,"4331904",196.5,"C",3439,13-ABR-17,1.8,07-JUN-17,"MONCLOVA","MC"
1,1288398232,"4333188",116.7,"C",3273,15-MAY-17,1.77,08-JUL-17,"MONCLOVA","MC"
1,1288397903,"4333180",89.64,"D",387,05-MAY-17,1.47,20-JUN-17,"MONCLOVA","MC"
1,1279632026,"4332640",249.74,"D",489,18-ABR-17,1.64,07-JUN-17,"MONCLOVA","MC"
1,1279632029,"4332645",253.48,"D",511,17-ABR-17,1.67,07-JUN-17,"MONCLOVA","MC"
1,1203515852,"4324343",297.11,"B",323,28-FEB-17,3.57,15-JUN-17,"MONCLOVA","MC"
1,1224671088,"4326892",258.77,"D",1153,01-MAR-17,4.5,16-JUL-17,"MONCLOVA","MC"
1,1240871904,"4328567",268.45,"D+",868,19-ABR-17,1.69,10-JUN-17,"MONCLOVA","MC"
1,1280570969,"4332641",193.82,"C",3439,20-ABR-17,1.67,10-JUN-17,"MONCLOVA","MC"
1,1287131716,"4333064",345.63,"C",3273,09-MAY-17,1.73,01-JUL-17,"MONCLOVA","MC"
1,1305932216,"4334671",333.44,"C",818,04-MAY-17,2.53,21-JUL-17,"MONCLOVA","MC"
1,1203515955,"4324349",146,"D+",868,13-FEB-17,5.8,07-AGO-17,"MONCLOVA","MC"
1,1203517040,"4324307",135.71,"D+",868,14-FEB-17,5.76,07-AGO-17,"MONCLOVA","MC"
1,1272116846,"4331997",146.85,"C",3439,08-ABR-17,1.73,31-MAY-17,"MONCLOVA","MC"
1,1277123706,"4332335",268.45,"C",1149,13-ABR-17,1.8,07-JUN-17,"FRONTERA","MC"
1,1303428639,"4334391",493.47,"C",818,02-MAY-17,3.57,20-AGO-17,"MONCLOVA","MC"
1,1303428640,"4334392",442.67,"C",85,02-MAY-17,1.56,20-JUN-17,"MONCLOVA","MC"
1,1207246978,"4324821",173.29,"D+",448,21-FEB-17,5.63,10-AGO-17,"MONCLOVA","MC"
1,1294654207,"4333747",265.33,"D",1153,26-ABR-17,1.64,15-JUN-17,"MONCLOVA","MC"
1,1303428645,"4334402",119.8,"C",767,06-MAY-17,1.83,01-JUL-17,"MONCLOVA","MC"
1,1250860485,"4329556",180.48,"D",695,11-ABR-17,4.63,31-AGO-17,"MONCLOVA","MC"
1,1203516066,"4324358",532.97,"D",536,15-FEB-17,5.75,07-AGO-17,"MONCLOVA","MC"
1,1272115965,"4331926",402.19,"C",3439,12-ABR-17,2.86,08-JUL-17,"MONCLOVA","MC"
1,1272115966,"4331927",379.74,"C",4892,11-ABR-17,2.67,01-JUL-17,"MONCLOVA","MC"
1,1273371740,"4332064",229.43,"C",3439,17-ABR-17,1.66,07-JUN-17,"MONCLOVA","MC"
1,1203516175,"4324370",330.64,"D+",868,14-FEB-17,5.77,07-AGO-17,"MONCLOVA","MC"
1,1207246540,"4324792",424.68,"D+",448,15-FEB-17,5.76,07-AGO-17,"MONCLOVA","MC"
1,1284623618,"4332807",275.68,"B",1733,19-ABR-17,3.69,10-AGO-17,"MONCLOVA","MC"
1,1285880251,"4332887",260.97,"C",3273,21-ABR-17,1.64,10-JUN-17,"MONCLOVA","MC"
1,1285881232,"4332844",196.5,"C",1149,19-ABR-17,1.69,10-JUN-17,"FRONTERA","MC"
1,1210974032,"4325390",153.81,"D",941,01-MAR-17,5.47,15-AGO-17,"MONCLOVA","MC"
1,1279631258,"4332591",383.48,"D",2376,17-ABR-17,2.7,08-JUL-17,"MONCLOVA","MC"
1,1274330118,"4332075",253.48,"C",3439,10-ABR-17,1.67,31-MAY-17,"MONCLOVA","MC"
1,1204535354,"4324336",221.29,"D+",868,15-FEB-17,5.73,07-AGO-17,"MONCLOVA","MC"
1,1210975440,"4325376",458.34,"D+",448,18-FEB-17,5.66,07-AGO-17,"MONCLOVA","MC"
1,1273371854,"4332077",164,"C",790,11-ABR-17,3.64,31-JUL-17,"MONCLOVA","MC"
1,1203516280,"4324372",305.64,"D+",868,20-FEB-17,5.67,10-AGO-17,"MONCLOVA","MC"
1,1289340843,"4333231",423.83,"C",3439,26-ABR-17,2.67,16-JUL-17,"MONCLOVA","MC"
1,1287132590,"4333011",148.86,"C",1306,20-ABR-17,1.67,10-JUN-17,"MONCLOVA","MC"
1,1287132593,"4333006",193.82,"D",890,20-ABR-17,1.67,10-JUN-17,"MONCLOVA","MC"
1,1290896207,"4333484",93.36,"C",344,27-ABR-17,1.6,15-JUN-17,"MONCLOVA","MC"
1,1299673933,"4334259",379.87,"D+",868,06-MAY-17,2.5,21-JUL-17,"MONCLOVA","MC"
1,1304678964,"4334555",312.33,"D",2376,18-MAY-17,1.67,08-JUL-17,"MONCLOVA","MC"
1,1250859158,"4329589",311.02,"D",489,30-MAR-17,2.53,15-JUN-17,"MONCLOVA","MC"
1,1207246647,"4324795",420.14,"D+",448,15-FEB-17,5.74,07-AGO-17,"MONCLOVA","MC"
1,1279631477,"4332594",214.32,"D+",448,17-ABR-17,2.7,08-JUL-17,"MONCLOVA","MC"
1,1285880577,"4332912",510.71,"C",3439,20-ABR-17,3.67,10-AGO-17,"MONCLOVA","MC"
1,1288398233,"4333195",249.74,"D",1813,24-ABR-17,1.54,10-JUN-17,"MONCLOVA","MC"
1,1279631586,"4332604",253.48,"C",3439,17-ABR-17,1.67,07-JUN-17,"MONCLOVA","MC"
1,1279631588,"4332600",380.17,"C",339,17-ABR-17,3.67,07-AGO-17,"MONCLOVA","MC"
1,1279631590,"4332606",240.67,"D",511,08-JUN-17,2.74,31-AGO-17,"MONCLOVA","MC"
1,1277123273,"4332307",346.08,"D",1499,20-ABR-17,2.72,11-JUL-17,"MONCLOVA","MC"
1,1300660646,"4334272",257.6,"D",1813,03-MAY-17,1.54,20-JUN-17,"MONCLOVA","MC"
1,1319731604,"4335923",769.05,"D",489,16-MAY-17,1.73,08-JUL-17,"MONCLOVA","MC"
1,1305932543,"4334689",433.04,"C",1149,05-MAY-17,3.5,20-AGO-17,"FRONTERA","MC"
1,1207247199,"4324854",394.2,"D+",448,21-FEB-17,5.63,10-AGO-17,"MONCLOVA","MC"
1,1207247738,"4324761",506.75,"D+",448,15-FEB-17,5.73,07-AGO-17,"MONCLOVA","MC"
1,1279631695,"4332607",183.08,"C",3439,24-ABR-17,1.54,10-JUN-17,"MONCLOVA","MC"
1,1287131282,"4333037",260.97,"C",3273,21-ABR-17,1.64,10-JUN-17,"MONCLOVA","MC"
1,1207246752,"4324806",198.15,"D",2376,18-FEB-17,4.67,08-JUL-17,"MONCLOVA","MC"
1,1224671524,"4326931",155.7,"D+",868,03-MAR-17,4.56,21-JUL-17,"MONCLOVA","MC"
1,1248098748,"4329393",311.02,"D",489,29-MAR-17,2.54,15-JUN-17,"MONCLOVA","MC"
1,1248099917,"4329368",484.04,"D",2376,18-MAR-17,4.63,07-AGO-17,"MONCLOVA","MC"
1,1272117279,"4331897",570.06,"C",3439,07-ABR-17,4.76,31-AGO-17,"MONCLOVA","MC"
1,1284624698,"4332735",140.81,"B",909,18-ABR-17,1.64,07-JUN-17,"MONCLOVA","MC"
1,1285881451,"4332847",229.8,"D",354,26-ABR-17,1.63,15-JUN-17,"MONCLOVA","MC"
1,1279631699,"4332615",148.86,"D",210,20-ABR-17,1.67,10-JUN-17,"MONCLOVA","MC"
1,1287131284,"4333042",442.46,"D+",868,20-ABR-17,3.66,10-AGO-17,"MONCLOVA","MC"
1,1290896530,"4333507",282.75,"C",3439,26-ABR-17,1.64,15-JUN-17,"MONCLOVA","MC"
1,1298419219,"4334123",140.88,"D",179,05-MAY-17,1.47,20-JUN-17,"MONCLOVA","MC"
1,1305932653,"4334694",269.15,"D",1153,04-MAY-17,2.53,21-JUL-17,"MONCLOVA","MC"
1,1275872316,"4332271",142,"D",511,11-ABR-17,2.69,01-JUL-17,"MONCLOVA","MC"
1,1275872317,"4332273",219.63,"D",511,17-ABR-17,1.66,07-JUN-17,"MONCLOVA","MC"
1,1207246756,"4324804",299.13,"D+",448,27-FEB-17,5.6,15-AGO-17,"MONCLOVA","MC"
1,1272116411,"4331966",650.97,"D",2376,08-ABR-17,4.73,31-AGO-17,"MONCLOVA","MC"
1,1288398454,"4333205",144.84,"D",90,22-ABR-17,1.6,10-JUN-17,"MONCLOVA","MC"
1,1294653871,"4333722",277.47,"C",3439,26-ABR-17,2.67,16-JUL-17,"MONCLOVA","MC"
1,1298419871,"4334173",90.88,"D",753,04-MAY-17,1.5,20-JUN-17,"MONCLOVA","MC"
1,1305932004,"4334775",293.68,"C",790,05-MAY-17,3.47,20-AGO-17,"MONCLOVA","MC"
1,1273372285,"4332053",185.77,"C",3439,10-ABR-17,1.67,31-MAY-17,"MONCLOVA","MC"
1,1275872320,"4332283",259.48,"D",695,12-ABR-17,1.83,07-JUN-17,"MONCLOVA","MC"
1,1275872370,"4332279",279.7,"D",281,19-ABR-17,2.73,11-JUL-17,"MONCLOVA","MC"
1,1203515628,"4324332",232.77,"D",536,23-FEB-17,5.57,10-AGO-17,"MONCLOVA","MC"
1,1220929962,"4326582",541.63,"D+",448,25-FEB-17,5.67,15-AGO-17,"MONCLOVA","MC"
1,1240872450,"4328595",121.87,"D",877,14-MAR-17,2.77,07-JUN-17,"MONCLOVA","MC"
1,1294653983,"4333728",553,"D",877,25-ABR-17,3.67,15-AGO-17,"MONCLOVA","MC"
1,1303428316,"4334361",191.49,"D",1499,02-MAY-17,1.57,20-JUN-17,"MONCLOVA","MC"
1,1275872045,"4332234",199.19,"D",2376,12-ABR-17,1.82,07-JUN-17,"MONCLOVA","MC"
1,1275872371,"4332280",239.37,"D",2085,08-MAY-17,1.76,01-JUL-17,"FRONTERA","MC"
1,1275872372,"4332281",249.74,"D",753,18-ABR-17,1.63,07-JUN-17,"MONCLOVA","MC"
1,1207246861,"4324811",165.43,"D+",448,16-FEB-17,4.73,08-JUL-17,"MONCLOVA","MC"
1,1207247408,"4324749",865.31,"D",2376,16-FEB-17,4.73,08-JUL-17,"MONCLOVA","MC"
1,1181157045,"4321562",221.31,"C",1162,25-ENE-17,4.67,15-JUN-17,"MONCLOVA","MC"
1,1220930401,"4326612",225.28,"D",210,27-FEB-17,5.6,15-AGO-17,"MONCLOVA","MC"
1,1287131503,"4333045",647,"D+",868,09-MAY-17,3.7,31-AGO-17,"MONCLOVA","MC"
1,1273372405,"4332115",90.8,"C",790,17-ABR-17,1.67,07-JUN-17,"MONCLOVA","MC"
1,1273372406,"4332119",362.9,"C",605,19-ABR-17,3.7,10-AGO-17,"MONCLOVA","MC"
1,1207246426,"4324777",341.29,"D+",868,15-FEB-17,5.75,07-AGO-17,"MONCLOVA","MC"
1,1285880029,"4332929",545.74,"C",381,19-ABR-17,3.7,10-AGO-17,"MONCLOVA","MC"
1,1279632025,"4332643",232.48,"C",3439,19-ABR-17,1.7,10-JUN-17,"MONCLOVA","MC"
1,1294654098,"4333741",289,"D",941,25-ABR-17,1.66,15-JUN-17,"MONCLOVA","MC"
1,1298419545,"4334152",595.68,"C",4892,02-MAY-17,2.6,21-JUL-17,"MONCLOVA","MC"
1,1277123489,"4332325",249.74,"C",3439,11-ABR-17,1.63,31-MAY-17,"MONCLOVA","MC"
1,1155141002,"4318711",249.44,"D",1499,04-ENE-17,6.54,21-JUL-17,"MONCLOVA","MC"
1,1237137489,"4328348",452.78,"D",2376,13-MAR-17,3.83,08-JUL-17,"MONCLOVA","MC"
1,1230649441,"4327537",375.61,"D",511,06-MAR-17,5.8,31-AGO-17,"MONCLOVA","MC"
1,1253365330,"4329982",425.12,"D",941,24-MAR-17,3.57,11-JUL-17,"MONCLOVA","MC"
1,1297162410,"4334008",261.47,"D",876,02-MAY-17,1.57,20-JUN-17,"MONCLOVA","MC"
1,1312209220,"4335227",312.33,"D",2376,11-MAY-17,1.66,01-JUL-17,"MONCLOVA","MC"
1,1312209322,"4335228",317.17,"D",2376,10-MAY-17,1.69,01-JUL-17,"MONCLOVA","MC"
1,1313146060,"4335247",274.8,"D",2376,10-MAY-17,1.7,01-JUL-17,"MONCLOVA","MC"
1,1314420906,"4335368",312.33,"D",2376,11-MAY-17,1.66,01-JUL-17,"MONCLOVA","MC"
1,1314713257,"4335546",116.7,"D",455,15-MAY-17,1.77,08-JUL-17,"MONCLOVA","MC"
1,1314713474,"4335555",497.23,"D",2376,12-MAY-17,1.86,08-JUL-17,"MONCLOVA","MC"
1,1237138252,"4328399",261.17,"D",890,13-MAR-17,3.82,08-JUL-17,"MONCLOVA","MC"
1,1293406420,"4333689",289,"D",876,26-ABR-17,1.66,15-JUN-17,"MONCLOVA","MC"
1,1312209326,"4335230",317.17,"D",2376,10-MAY-17,1.7,01-JUL-17,"MONCLOVA","MC"
1,1312209327,"4335233",116.7,"D",2376,15-MAY-17,1.76,08-JUL-17,"MONCLOVA","MC"
1,1313456737,"4335385",112.05,"D",2376,11-MAY-17,1.66,01-JUL-17,"MONCLOVA","MC"
1,1314713475,"4335557",258.1,"D",2376,13-MAY-17,2.82,07-AGO-17,"MONCLOVA","MC"
1,1314714013,"4335473",437.55,"D",455,12-MAY-17,2.83,07-AGO-17,"MONCLOVA","MC"
1,1243145730,"4328754",441.3,"D",511,24-MAR-17,4.54,10-AGO-17,"MONCLOVA","MC"
1,1307182934,"4334821",326.83,"C",818,08-MAY-17,1.76,01-JUL-17,"MONCLOVA","MC"
1,1312209434,"4335242",113.6,"D",2376,10-MAY-17,1.7,01-JUL-17,"MONCLOVA","MC"
1,1312210190,"4335166",317.17,"D",2376,10-MAY-17,1.7,01-JUL-17,"MONCLOVA","MC"
1,1312210192,"4335170",317.17,"D",2376,10-MAY-17,1.7,01-JUL-17,"MONCLOVA","MC"
1,1312210193,"4335177",412.65,"D",1813,11-MAY-17,2.63,31-JUL-17,"MONCLOVA","MC"
1,1313220200,"4335212",289.28,"D",876,09-MAY-17,3.7,31-AGO-17,"MONCLOVA","MC"
1,1225911531,"4326984",216.09,"D+",868,03-MAR-17,4.6,21-JUL-17,"MONCLOVA","MC"
1,1314714120,"4335478",503.83,"D",695,12-MAY-17,2.82,07-AGO-17,"MONCLOVA","MC"
1,1208250902,"4324646",244.29,"C",1306,24-FEB-17,4.57,11-JUL-17,"MONCLOVA","MC"
1,1312209438,"4335243",112.05,"D",2376,11-MAY-17,1.67,01-JUL-17,"MONCLOVA","MC"
1,1312209546,"4335245",341.33,"D",2376,12-MAY-17,1.86,08-JUL-17,"MONCLOVA","MC"
1,1312210195,"4335180",317.17,"D",2376,10-MAY-17,1.69,01-JUL-17,"MONCLOVA","MC"
1,1312210196,"4335182",479.67,"D",2376,10-MAY-17,2.67,31-JUL-17,"MONCLOVA","MC"
1,1225910005,"4327006",284.19,"D+",868,08-MAR-17,2.73,31-MAY-17,"MONCLOVA","MC"
1,1225910771,"4327061",183.87,"D+",868,07-MAR-17,4.77,31-JUL-17,"MONCLOVA","MC"
1,1314713574,"4335444",366.46,"D",2376,12-MAY-17,1.86,08-JUL-17,"MONCLOVA","MC"
1,1259606643,"4330617",435.05,"D+",868,04-ABR-17,3.53,21-JUL-17,"MONCLOVA","MC"
1,1265554361,"4331085",204.67,"D",2376,03-ABR-17,3.57,21-JUL-17,"MONCLOVA","MC"
1,1312209547,"4335249",335.21,"D",2376,11-MAY-17,1.67,01-JUL-17,"MONCLOVA","MC"
1,1313456952,"4335417",756.37,"D",354,11-MAY-17,3.64,31-AGO-17,"MONCLOVA","MC"
1,1219684947,"4326449",208.06,"D",2376,24-FEB-17,5.53,10-AGO-17,"MONCLOVA","MC"
1,1278381084,"4332515",275.68,"C",568,19-ABR-17,3.7,10-AGO-17,"MONCLOVA","MC"
1,1307183152,"4334841",107.94,"D",511,05-MAY-17,1.47,20-JUN-17,"MONCLOVA","MC"
1,1307184557,"4334817",249.87,"D",354,05-MAY-17,1.47,20-JUN-17,"MONCLOVA","MC"
1,1313457061,"4335411",508.96,"D",2376,11-MAY-17,2.63,31-JUL-17,"MONCLOVA","MC"
1,1237137818,"4328372",373.12,"D",1813,13-MAR-17,3.83,08-JUL-17,"MONCLOVA","MC"
1,1278381086,"4332518",268.45,"D",1499,19-ABR-17,1.69,10-JUN-17,"MONCLOVA","MC"
1,1278381856,"4332574",268.45,"D",243,19-ABR-17,1.7,10-JUN-17,"MONCLOVA","MC"
1,1308105097,"4334860",280.37,"D",1153,05-MAY-17,2.51,21-JUL-17,"MONCLOVA","MC"
1,1312209656,"4335260",578.33,"D",2376,12-MAY-17,1.86,08-JUL-17,"MONCLOVA","MC"
1,1225910111,"4327011",325.77,"D+",868,01-MAR-17,5.6,20-AGO-17,"MONCLOVA","MC"
1,1314713583,"4335566",366.46,"D",455,12-MAY-17,1.86,08-JUL-17,"MONCLOVA","MC"
1,1218439895,"4326216",423.59,"D",2376,24-FEB-17,5.53,10-AGO-17,"MONCLOVA","MC"
1,1269607892,"4331649",150.88,"D",536,19-ABR-17,1.69,10-JUN-17,"MONCLOVA","MC"
1,1278381195,"4332519",145.6,"D+",868,20-ABR-17,2.7,11-JUL-17,"MONCLOVA","MC"
1,1278381857,"4332575",150.88,"D",243,13-ABR-17,1.8,07-JUN-17,"MONCLOVA","MC"
1,1295902667,"4333852",90.88,"D",2376,29-ABR-17,1.54,15-JUN-17,"MONCLOVA","MC"
1,1296940279,"4333859",338.66,"D",1813,28-ABR-17,1.57,15-JUN-17,"MONCLOVA","MC"
1,1307183263,"4334851",276.8,"B",240,09-MAY-17,2.7,31-JUL-17,"MONCLOVA","MC"
1,1312209760,"4335265",386.08,"D",2376,15-MAY-17,1.76,08-JUL-17,"MONCLOVA","MC"
1,1313457171,"4335420",341.33,"D",2376,12-MAY-17,1.86,08-JUL-17,"MONCLOVA","MC"
1,1308441238,"4334962",357.4,"D",890,08-MAY-17,3.73,31-AGO-17,"MONCLOVA","MC"
1,1219685167,"4326467",390.82,"D",100,27-FEB-17,5.6,15-AGO-17,"MONCLOVA","MC"
1,1219685709,"4326507",144.19,"D",2376,03-MAR-17,5.53,20-AGO-17,"MONCLOVA","MC"
1,1269607894,"4331653",253.48,"D",447,17-ABR-17,1.67,07-JUN-17,"MONCLOVA","MC"
1,1269607897,"4331660",287.66,"D",447,21-ABR-17,3.66,10-AGO-17,"MONCLOVA","MC"
1,1279352120,"4332576",234.7,"C",3439,18-ABR-17,1.63,07-JUN-17,"MONCLOVA","MC"
1,1307183264,"4334853",291.4,"C",3273,06-MAY-17,1.83,01-JUL-17,"MONCLOVA","MC"
1,1312210410,"4335183",451.3,"D",2376,10-MAY-17,2.67,31-JUL-17,"MONCLOVA","MC"
1,1313457274,"4335430",222.55,"D",1499,11-MAY-17,3.64,31-AGO-17,"MONCLOVA","MC"
1,1218439448,"4326186",313.2,"D+",868,24-FEB-17,3.54,10-JUN-17,"MONCLOVA","MC"
1,1218439449,"4326188",151.33,"D",2376,27-FEB-17,4.63,16-JUL-17,"MONCLOVA","MC"
1,1253364889,"4329934",178.3,"D",695,05-ABR-17,4.47,20-AGO-17,"MONCLOVA","MC"
1,1258359817,"4330345",451.72,"C",94,01-ABR-17,4.6,20-AGO-17,"MONCLOVA","MC"
1,1259606841,"4330494",118.33,"D",248,04-ABR-17,2.5,20-JUN-17,"MONCLOVA","MC"
1,1312210413,"4335184",155.63,"D",2376,15-MAY-17,1.77,08-JUL-17,"MONCLOVA","MC"
1,1314712821,"4335513",249.77,"D",455,12-MAY-17,1.86,08-JUL-17,"MONCLOVA","MC"
1,1308441348,"4334966",194.6,"D",177,06-MAY-17,1.83,01-JUL-17,"MONCLOVA","MC"
1,1237137054,"4328323",157.83,"D",536,31-MAR-17,2.5,15-JUN-17,"MONCLOVA","MC"
1,1229654199,"4327478",442.38,"D",511,06-MAR-17,3.83,01-JUL-17,"MONCLOVA","MC"
1,1297162745,"4334025",257.6,"D",753,28-ABR-17,1.57,15-JUN-17,"MONCLOVA","MC"
1,1312208892,"4335210",322,"D",2376,09-MAY-17,1.73,01-JUL-17,"MONCLOVA","MC"
1,1313457702,"4335340",312.33,"D",2376,11-MAY-17,1.66,01-JUL-17,"MONCLOVA","MC"
1,1308441457,"4334981",489.33,"D",100,08-MAY-17,2.73,31-JUL-17,"MONCLOVA","MC"
1,1219685276,"4326475",443.87,"D",2376,25-FEB-17,4.7,16-JUL-17,"MONCLOVA","MC"
1,1219685282,"4326480",178.56,"D",248,26-FEB-17,5.64,15-AGO-17,"MONCLOVA","MC"
1,1160088650,"4319253",149,"D",941,09-ENE-17,4.7,31-MAY-17,"MONCLOVA","MC"
1,1218439565,"4326193",241.19,"D",2376,26-FEB-17,5.64,15-AGO-17,"MONCLOVA","MC"
1,1229652894,"4327522",189.11,"D",511,07-MAR-17,5.79,31-AGO-17,"MONCLOVA","MC"
1,1269607230,"4331598",264.71,"C",4892,20-ABR-17,1.67,10-JUN-17,"MONCLOVA","MC"
1,1293405318,"4333588",538.95,"D",281,11-MAY-17,3.63,31-AGO-17,"MONCLOVA","MC"
1,1307183591,"4334881",977.8,"C",860,09-MAY-17,3.7,31-AGO-17,"MONCLOVA","MC"
1,1313457709,"4335346",232.43,"D",2376,10-MAY-17,1.7,01-JUL-17,"MONCLOVA","MC"
1,1225910334,"4327040",269.22,"C",4892,02-MAR-17,4.6,21-JUL-17,"MONCLOVA","MC"
1,1218439568,"4326288",165.84,"D+",448,24-FEB-17,5.54,10-AGO-17,"MONCLOVA","MC"
1,1229652999,"4327533",310.29,"C",3439,09-MAR-17,5.7,31-AGO-17,"MONCLOVA","MC"
1,1229653001,"4327528",386.19,"D",511,07-MAR-17,3.82,01-JUL-17,"MONCLOVA","MC"
1,1237138141,"4328287",310.51,"D",2376,13-MAR-17,2.79,07-JUN-17,"MONCLOVA","MC"
1,1295903002,"4333878",223.52,"D",179,27-ABR-17,2.64,16-JUL-17,"MONCLOVA","MC"
1,1314713040,"4335531",341.33,"D",77,12-MAY-17,1.86,08-JUL-17,"MONCLOVA","MC"
1,1237137278,"4328335",161.22,"D",2376,10-MAR-17,3.69,01-JUL-17,"MONCLOVA","MC"
1,1270573908,"4331618",261.47,"D",536,02-MAY-17,1.57,20-JUN-17,"MONCLOVA","MC"
1,1270594010,"4331612",268.45,"D",296,06-ABR-17,1.8,31-MAY-17,"MONCLOVA","MC"
1,1270599445,"4331562",502.09,"D",1813,06-ABR-17,4.46,20-AGO-17,"MONCLOVA","MC"
1,1225910550,"4327056",315.39,"D+",448,01-MAR-17,5.6,20-AGO-17,"MONCLOVA","MC"
1,1314713900,"4335462",340.24,"D",77,25-MAY-17,1.7,16-JUL-17,"MONCLOVA","MC"
1,1314713901,"4335469",341.33,"D",455,12-MAY-17,1.86,08-JUL-17,"MONCLOVA","MC"
1,1220680058,"4326464",153.71,"D",2376,25-FEB-17,4.56,11-JUL-17,"MONCLOVA","MC"
1,1218439676,"4326204",511.36,"D",2376,02-MAR-17,5.57,20-AGO-17,"MONCLOVA","MC"
1,1229653211,"4327536",117.44,"D",536,11-MAR-17,2.64,31-MAY-17,"MONCLOVA","MC"
1,1230634976,"4327516",490.15,"D",511,09-MAR-17,3.73,01-JUL-17,"MONCLOVA","MC"
1,1269607446,"4331616",248,"D",2376,08-ABR-17,4.76,31-AGO-17,"MONCLOVA","MC"
1,1278380645,"4332491",174.3,"D",2085,26-ABR-17,2.66,16-JUL-17,"FRONTERA","MC"
1,1312209214,"4335223",317.17,"D",2376,10-MAY-17,1.7,01-JUL-17,"MONCLOVA","MC"
1,1312209216,"4335221",180.7,"D",2376,15-MAY-17,2.73,07-AGO-17,"MONCLOVA","MC"
1,1312209217,"4335226",340.42,"D",2376,10-MAY-17,1.7,01-JUL-17,"MONCLOVA","MC"
1,1312210086,"4335163",501.88,"D",2376,09-MAY-17,2.7,31-JUL-17,"MONCLOVA","MC"
1,1313130708,"4335203",326.83,"D",2376,15-MAY-17,1.77,08-JUL-17,"MONCLOVA","MC"
1,1313456621,"4335376",381.55,"D",2376,13-MAY-17,1.83,08-JUL-17,"MONCLOVA","MC"
1,1313456623,"4335381",212.1,"D",2376,10-MAY-17,2.66,31-JUL-17,"MONCLOVA","MC"
1,1234636979,"4328039",235.99,"D",284,09-MAR-17,5.7,31-AGO-17,"MONCLOVA","MC"
1,1163800536,"4319579",262.4,"C",3439,25-ENE-17,4.53,10-JUN-17,"MONCLOVA","MC"
1,1223422550,"4326700",186.9,"D+",868,08-MAR-17,5.73,31-AGO-17,"MONCLOVA","MC"
1,1234638290,"4327983",530.23,"D",511,10-MAR-17,4.69,31-JUL-17,"MONCLOVA","MC"
1,1157612534,"4319046",161.5,"D",248,06-ENE-17,5.82,01-JUL-17,"MONCLOVA","MC"
1,1235890687,"4328134",193.32,"D",536,10-MAR-17,4.69,31-JUL-17,"MONCLOVA","MC"
1,1223423642,"4326777",237.06,"D",941,28-FEB-17,5.57,15-AGO-17,"MONCLOVA","MC"
1,1148949432,"4318266",613.27,"B",19,09-ENE-17,7.7,31-AGO-17,"MONCLOVA","MC"
1,1206003353,"4324509",457.65,"D+",868,20-FEB-17,4.7,11-JUL-17,"MONCLOVA","MC"
1,1206004234,"4324564",225.6,"D+",868,14-FEB-17,5.79,07-AGO-17,"MONCLOVA","MC"
1,1206004446,"4324451",297.97,"D+",868,15-FEB-17,5.73,07-AGO-17,"MONCLOVA","MC"
1,1157613521,"4318992",121,"D",877,17-ENE-17,6.67,07-AGO-17,"MONCLOVA","MC"
1,1214706841,"4325722",340.3,"C",339,21-FEB-17,3.63,10-JUN-17,"MONCLOVA","MC"
1,1227167309,"4327179",234.26,"D+",868,03-MAR-17,5.53,20-AGO-17,"MONCLOVA","MC"
1,1206003466,"4324512",490.83,"D+",868,14-FEB-17,4.79,08-JUL-17,"MONCLOVA","MC"
1,1206004346,"4324597",400.05,"D",877,20-FEB-17,4.7,11-JUL-17,"MONCLOVA","MC"
1,1148948883,"4318220",380,"D",941,06-ENE-17,4.8,31-MAY-17,"MONCLOVA","MC"
1,1158537406,"4318963",237.01,"C",3439,05-ENE-17,6.5,21-JUL-17,"MONCLOVA","MC"
1,1163800866,"4319486",149,"D",2376,18-ENE-17,5.67,08-JUL-17,"MONCLOVA","MC"
1,1206004341,"4324446",431.87,"D+",868,13-FEB-17,5.8,07-AGO-17,"MONCLOVA","MC"
1,1174963997,"4321001",525.1,"C",4892,20-ENE-17,5.7,11-JUL-17,"MONCLOVA","MC"
1,1235891123,"4328166",551.25,"D",49,09-MAR-17,5.69,31-AGO-17,"MONCLOVA","MC"
1,1214706187,"4325676",148.29,"D",2376,20-FEB-17,4.7,11-JUL-17,"MONCLOVA","MC"
1,1234636651,"4327996",419.05,"D",511,13-MAR-17,3.83,08-JUL-17,"MONCLOVA","MC"
1,1163804293,"4319594",220.05,"D",210,13-ENE-17,4.8,07-JUN-17,"MONCLOVA","MC"
1,1156374094,"4318812",254.82,"D",1153,05-ENE-17,6.51,21-JUL-17,"MONCLOVA","MC"
1,1235891236,"4328176",438.91,"C",767,10-MAR-17,5.67,31-AGO-17,"MONCLOVA","MC"
1,1227167096,"4327294",129.13,"D",248,03-MAR-17,3.54,20-JUN-17,"MONCLOVA","MC"
1,1228156642,"4327249",134.04,"D+",868,07-MAR-17,2.76,31-MAY-17,"MONCLOVA","MC"
1,1157612421,"4319029",186.08,"D",1813,06-ENE-17,4.79,31-MAY-17,"MONCLOVA","MC"
1,1234636975,"4328034",193.01,"D",511,09-MAR-17,5.7,31-AGO-17,"MONCLOVA","MC"
1,1234638070,"4327960",315.52,"D",511,13-MAR-17,3.82,08-JUL-17,"MONCLOVA","MC"
1,1234638071,"4327961",230.81,"D",511,13-MAR-17,3.82,08-JUL-17,"MONCLOVA","MC"
1,1148949863,"4318285",258.5,"D",308,04-ENE-17,7.51,20-AGO-17,"MONCLOVA","MC"
1,1315654922,"4335548",122.34,"D",455,29-MAY-17,1.57,16-JUL-17,"MONCLOVA","MC"
1,1315969624,"4335761",246.3,"D",455,13-MAY-17,1.83,08-JUL-17,"MONCLOVA","MC"
1,1315970812,"4335726",350.83,"D",455,15-MAY-17,1.77,08-JUL-17,"MONCLOVA","MC"
1,1315971570,"4335656",364.33,"D",455,14-MAY-17,2.77,07-AGO-17,"MONCLOVA","MC"
1,1315708806,"4335551",632.37,"D",27,13-MAY-17,1.83,08-JUL-17,"MONCLOVA","MC"
1,1316896593,"4335768",499.85,"D",455,13-MAY-17,1.83,08-JUL-17,"MONCLOVA","MC"
1,1316987266,"4335753",287.98,"D",2376,27-MAY-17,2.6,15-AGO-17,"MONCLOVA","MC"
1,1317221504,"4335836",189.1,"D",77,13-MAY-17,1.83,08-JUL-17,"MONCLOVA","MC"
1,1317221723,"4335850",326.83,"D",77,15-MAY-17,1.76,08-JUL-17,"MONCLOVA","MC"
1,1319732908,"4335900",301.13,"D",77,25-MAY-17,2.67,15-AGO-17,"MONCLOVA","MC"
1,1319733123,"4335903",214.03,"D",2376,16-MAY-17,2.7,07-AGO-17,"MONCLOVA","MC"
1,1315971682,"4335662",140.7,"C",1149,15-MAY-17,1.77,08-JUL-17,"FRONTERA","MC"
1,1315971787,"4335669",361.25,"D",77,19-MAY-17,1.73,11-JUL-17,"MONCLOVA","MC"
1,1315972005,"4335683",320.68,"D",2376,12-MAY-17,1.86,08-JUL-17,"MONCLOVA","MC"
1,1317221286,"4335822",326.83,"D",890,15-MAY-17,1.76,08-JUL-17,"MONCLOVA","MC"
1,1317221507,"4335838",476.67,"D",455,14-MAY-17,2.77,07-AGO-17,"MONCLOVA","MC"
1,1319731607,"4335921",350.83,"D",455,15-MAY-17,1.76,08-JUL-17,"MONCLOVA","MC"
1,1314714230,"4335486",341.33,"D",2376,12-MAY-17,1.86,08-JUL-17,"MONCLOVA","MC"
1,1319732910,"4335896",311.63,"D",2376,20-MAY-17,1.7,11-JUL-17,"MONCLOVA","MC"
1,1319733128,"4335912",322,"D",455,16-MAY-17,1.73,08-JUL-17,"MONCLOVA","MC"
1,1319733129,"4335914",201.13,"C",1306,25-MAY-17,1.7,16-JUL-17,"MONCLOVA","MC"
1,1319733234,"4335916",232.43,"D",77,23-MAY-17,1.61,11-JUL-17,"MONCLOVA","MC"
1,1315969516,"4335766",336.5,"D",455,19-MAY-17,1.73,11-JUL-17,"MONCLOVA","MC"
1,1315969517,"4335767",369.25,"D",455,22-MAY-17,1.63,11-JUL-17,"MONCLOVA","MC"
1,1314714336,"4335496",177.6,"D",2376,23-MAY-17,2.57,10-AGO-17,"MONCLOVA","MC"
1,1317221176,"4335812",166.3,"D",447,19-MAY-17,2.7,10-AGO-17,"MONCLOVA","MC"
1,1317221179,"4335818",326.83,"D",2376,15-MAY-17,1.77,08-JUL-17,"MONCLOVA","MC"
1,1317221282,"4335823",298.05,"D",455,17-MAY-17,1.7,08-JUL-17,"MONCLOVA","MC"
1,1317221616,"4335843",331.67,"D",77,14-MAY-17,1.8,08-JUL-17,"MONCLOVA","MC"
1,1314714445,"4335501",341.33,"D",455,12-MAY-17,1.86,08-JUL-17,"MONCLOVA","MC"
1,1326013381,"4336776",256.7,"D",455,23-MAY-17,2.57,10-AGO-17,"MONCLOVA","MC"
1,1326013382,"4336779",181.3,"D",455,22-MAY-17,1.63,11-JUL-17,"MONCLOVA","MC"
1,1320990177,"4336065",356.04,"D",455,20-MAY-17,1.7,11-JUL-17,"MONCLOVA","MC"
1,1320990726,"4336110",274.8,"D",455,17-MAY-17,1.7,08-JUL-17,"MONCLOVA","MC"
1,1320991714,"4336185",340.42,"D",455,17-MAY-17,1.7,08-JUL-17,"MONCLOVA","MC"
1,1324752580,"4336616",278.95,"D",455,22-MAY-17,1.64,11-JUL-17,"MONCLOVA","MC"
1,1324757411,"4336693",274.8,"D",455,23-MAY-17,1.61,11-JUL-17,"MONCLOVA","MC"
1,1320990072,"4336060",331.67,"D",455,20-MAY-17,1.7,11-JUL-17,"MONCLOVA","MC"
1,1320990614,"4336105",323.03,"D",2085,07-JUN-17,1.77,31-JUL-17,"FRONTERA","MC"
1,1320990945,"4336119",336.43,"D",77,18-MAY-17,2.66,07-AGO-17,"MONCLOVA","MC"
1,1320990947,"4336120",291.4,"D",877,19-MAY-17,1.73,11-JUL-17,"MONCLOVA","MC"
1,1320990837,"4336115",274.8,"D",455,17-MAY-17,1.7,08-JUL-17,"MONCLOVA","MC"
1,1320990952,"4336126",357.4,"D",455,16-MAY-17,2.69,07-AGO-17,"MONCLOVA","MC"
1,1320991166,"4336140",301.93,"D",455,16-MAY-17,2.69,07-AGO-17,"MONCLOVA","MC"
1,1320991602,"4336175",547.17,"D",447,23-MAY-17,2.57,10-AGO-17,"MONCLOVA","MC"
1,1322241059,"4336388",336.5,"D",455,19-MAY-17,1.73,11-JUL-17,"MONCLOVA","MC"
1,1322241818,"4336320",457.33,"D",455,18-MAY-17,2.64,07-AGO-17,"MONCLOVA","MC"
1,1329771091,"4336977",170,"C",3439,24-MAY-17,1.56,11-JUL-17,"MONCLOVA","MC"
1,1324757191,"4336655",122.34,"D",2376,29-MAY-17,1.56,16-JUL-17,"MONCLOVA","MC"
1,1324757357,"4336686",186.5,"D",455,20-MAY-17,1.7,11-JUL-17,"MONCLOVA","MC"
1,1324757406,"4336687",331.67,"D",455,20-MAY-17,1.7,11-JUL-17,"MONCLOVA","MC"
1,1324757412,"4336694",287.25,"D",455,20-MAY-17,1.7,11-JUL-17,"MONCLOVA","MC"
1,1326013702,"4336793",462.17,"D",455,23-MAY-17,2.57,10-AGO-17,"MONCLOVA","MC"
1,1322241157,"4336265",274.8,"D",455,17-MAY-17,1.7,08-JUL-17,"MONCLOVA","MC"
1,1322241167,"4336390",134.93,"D",455,18-MAY-17,1.66,08-JUL-17,"MONCLOVA","MC"
1,1322241169,"4336395",113.6,"D",2376,23-MAY-17,1.6,11-JUL-17,"MONCLOVA","MC"
1,1322242255,"4336347",291.4,"D",455,19-MAY-17,1.73,11-JUL-17,"MONCLOVA","MC"
1,1323165959,"4336267",294.61,"D",248,25-MAY-17,1.7,16-JUL-17,"MONCLOVA","MC"
1,1323193462,"4336334",350.47,"D",455,18-MAY-17,2.63,07-AGO-17,"MONCLOVA","MC"
1,1323216686,"4336314",312.33,"D",941,18-MAY-17,1.66,08-JUL-17,"MONCLOVA","MC"
1,1323216690,"4336373",312.33,"D",455,18-MAY-17,1.66,08-JUL-17,"MONCLOVA","MC"
1,1323491689,"4336523",455.59,"D",2376,07-JUN-17,1.76,31-JUL-17,"MONCLOVA","MC"
1,1324752528,"4336615",151.32,"D",455,23-MAY-17,1.6,11-JUL-17,"MONCLOVA","MC"
1,1322241054,"4336379",312.33,"D",2376,18-MAY-17,1.66,08-JUL-17,"MONCLOVA","MC"
1,1322241270,"4336278",239.46,"D",695,14-JUN-17,1.77,07-AGO-17,"MONCLOVA","MC"
1,1322241374,"4336282",113.6,"D",2376,17-MAY-17,1.69,08-JUL-17,"MONCLOVA","MC"
1,1322241376,"4336291",178.7,"D",455,17-MAY-17,1.7,08-JUL-17,"MONCLOVA","MC"
1,1322242034,"4336331",508.96,"D",2376,18-MAY-17,2.63,07-AGO-17,"MONCLOVA","MC"
1,1329770540,"4336957",323.17,"D",753,25-MAY-17,2.53,10-AGO-17,"MONCLOVA","MC"
1,1329771087,"4336965",309.76,"D",48,26-MAY-17,2.63,15-AGO-17,"MONCLOVA","MC"
1,1339824710,"4338356",195.81,"D+",679,01-JUN-17,1.63,21-JUL-17,"MONCLOVA","MC"
1,1349890088,"4339484",250.43,"D+",679,10-JUN-17,1.66,31-JUL-17,"MONCLOVA","MC"
1,1349890144,"4339492",236.24,"D+",679,15-JUN-17,1.73,07-AGO-17,"MONCLOVA","MC"
1,1359951158,"4340465",198.06,"C",1149,22-JUN-17,1.61,10-AGO-17,"FRONTERA","MC"
1,1354914663,"4339959",293.01,"C",1149,15-JUN-17,1.73,07-AGO-17,"FRONTERA","MC"
1,1339825261,"4338406",283.71,"D+",679,02-JUN-17,2.57,20-AGO-17,"MONCLOVA","MC"
1,1334804717,"4337659",187.83,"D+",236,31-MAY-17,1.53,16-JUL-17,"MONCLOVA","MC"
1,1338566723,"4338043",169.92,"D+",679,31-MAY-17,1.5,16-JUL-17,"MONCLOVA","MC"
1,1339543090,"4338173",270.89,"D+",679,31-MAY-17,2.48,15-AGO-17,"MONCLOVA","MC"
1,1361219787,"4340543",301.18,"D",248,19-JUN-17,1.69,10-AGO-17,"MONCLOVA","MC"
1,1333548021,"4337449",257.53,"D",179,15-JUN-17,1.73,07-AGO-17,"MONCLOVA","MC"
1,1341081901,"4338496",236.24,"D+",236,06-JUN-17,2.8,31-AGO-17,"MONCLOVA","MC"
1,1341082338,"4338540",261.07,"D+",679,07-JUN-17,1.77,31-JUL-17,"MONCLOVA","MC"
1,1348360690,"4339169",171.72,"D+",679,12-JUN-17,1.83,07-AGO-17,"MONCLOVA","MC"
1,1357436294,"4340112",253.98,"D+",679,17-JUN-17,1.69,07-AGO-17,"MONCLOVA","MC"
1,1357436839,"4340154",288.92,"C",3273,17-JUN-17,1.69,07-AGO-17,"MONCLOVA","MC"
1,1352401901,"4339787",388.06,"D+",679,17-JUN-17,1.67,07-AGO-17,"MONCLOVA","MC"
1,1339824278,"4338329",349.67,"D+",679,07-JUN-17,2.41,20-AGO-17,"MONCLOVA","MC"
1,1348627124,"4339288",264.62,"D+",236,13-JUN-17,1.8,07-AGO-17,"MONCLOVA","MC"
1,1359951047,"4340473",236.24,"A",2592,21-JUN-17,1.64,10-AGO-17,"MONCLOVA","MC"
1,1352401902,"4339788",239.46,"C",1149,14-JUN-17,1.76,07-AGO-17,"FRONTERA","MC"
1,1352401903,"4339792",301.18,"D+",448,13-JUN-17,1.8,07-AGO-17,"MONCLOVA","MC"
1,1341082120,"4338509",264.63,"D+",679,06-JUN-17,1.8,31-JUL-17,"MONCLOVA","MC"
1,1332292006,"4337372",325.91,"D",2376,07-JUN-17,2.76,31-AGO-17,"MONCLOVA","MC"
1,1347367865,"4339067",397.96,"D+",236,06-JUN-17,2.79,31-AGO-17,"MONCLOVA","MC"
1,1347368292,"4339101",268.17,"D+",679,12-JUN-17,1.83,07-AGO-17,"MONCLOVA","MC"
1,1338566292,"4338019",169.11,"D+",679,31-MAY-17,2.47,15-AGO-17,"MONCLOVA","MC"
1,1339824921,"4338247",287.98,"D+",679,01-JUN-17,2.6,20-AGO-17,"MONCLOVA","MC"
1,1361218692,"4340569",167.42,"C",842,20-JUN-17,1.66,10-AGO-17,"MONCLOVA","MC"
1,1351145797,"4339633",378.17,"D",1499,15-JUN-17,1.74,07-AGO-17,"MONCLOVA","MC"
1,1333548675,"4337488",413.01,"D+",236,06-JUN-17,2.79,31-AGO-17,"MONCLOVA","MC"
1,1346108220,"4338949",338.71,"D+",448,08-JUN-17,2.74,31-AGO-17,"MONCLOVA","MC"
1,1355953082,"4339843",261.08,"C",4892,14-JUN-17,1.77,07-AGO-17,"MONCLOVA","MC"
1,1333547586,"4337424",379.95,"D+",236,07-JUN-17,1.77,31-JUL-17,"MONCLOVA","MC"
1,1338565862,"4337991",270.89,"D+",679,31-MAY-17,2.47,15-AGO-17,"MONCLOVA","MC"
1,1339825466,"4338287",215.56,"D+",679,01-JUN-17,1.63,21-JUL-17,"MONCLOVA","MC"
1,1364987054,"4340907",261.67,"D",489,26-JUN-17,1.64,15-AGO-17,"MONCLOVA","MC"
1,1332292119,"4337384",236.24,"D",177,08-JUN-17,1.74,31-JUL-17,"MONCLOVA","MC"
1,1341082664,"4338549",413.01,"D+",679,06-JUN-17,2.79,31-AGO-17,"MONCLOVA","MC"
1,1347368399,"4339099",395.92,"D",2376,09-JUN-17,2.7,31-AGO-17,"MONCLOVA","MC"
1,1338566833,"4338056",289.46,"D+",236,06-JUN-17,2.79,31-AGO-17,"MONCLOVA","MC"
1,1357437059,"4340168",250.43,"D+",868,17-JUN-17,1.67,07-AGO-17,"MONCLOVA","MC"
1,1338566839,"4338063",405.16,"C",3273,07-JUN-17,1.76,31-JUL-17,"MONCLOVA","MC"
1,1348627343,"4339309",392.5,"C",3273,07-JUL-17,1.76,31-AGO-17,"MONCLOVA","MC"
1,1373819382,"4341878",398,"D",536,06-JUL-17,1.79,31-AGO-17,"MONCLOVA","MC"
1,1338566841,"4338181",366.02,"D+",679,06-JUN-17,2.8,31-AGO-17,"MONCLOVA","MC"
1,1333547800,"4337427",360.97,"D+",679,31-MAY-17,2.47,15-AGO-17,"MONCLOVA","MC"
1,1347367642,"4339046",264.63,"D",2376,13-JUN-17,1.8,07-AGO-17,"MONCLOVA","MC"
1,1347368613,"4339122",264.63,"D",2376,13-JUN-17,1.79,07-AGO-17,"MONCLOVA","MC"
1,1347368614,"4339126",250.43,"D+",679,10-JUN-17,1.67,31-JUL-17,"MONCLOVA","MC"
1,1347368721,"4339119",462.59,"D+",679,10-JUN-17,2.67,31-AGO-17,"MONCLOVA","MC"
1,1347368722,"4339121",160.97,"D+",679,10-JUN-17,1.67,31-JUL-17,"MONCLOVA","MC"
1,1349889380,"4339528",268.17,"D",455,12-JUN-17,1.82,07-AGO-17,"MONCLOVA","MC"
1,1348627564,"4339330",257.53,"D+",679,15-JUN-17,1.73,07-AGO-17,"MONCLOVA","MC"
1,1332291789,"4337355",225.89,"C",459,26-MAY-17,1.67,16-JUL-17,"MONCLOVA","MC"
1,1347368079,"4339080",458.39,"D",877,13-JUN-17,1.8,07-AGO-17,"MONCLOVA","MC"
1,1346107776,"4338924",261.07,"D+",679,20-JUN-17,1.67,10-AGO-17,"MONCLOVA","MC"
1,1348627671,"4339369",293.01,"D+",868,21-JUN-17,1.64,10-AGO-17,"MONCLOVA","MC"
1,1351146342,"4339662",246.88,"D+",679,24-JUN-17,1.54,10-AGO-17,"MONCLOVA","MC"
1,1331031045,"4337101",185.16,"D+",236,01-JUN-17,1.5,16-JUL-17,"MONCLOVA","MC"
1,1339824704,"4338229",296.94,"D+",679,03-JUN-17,2.54,20-AGO-17,"MONCLOVA","MC"
1,1339824705,"4338233",406.89,"D+",679,31-MAY-17,2.47,15-AGO-17,"MONCLOVA","MC"
1,1373819923,"4341797",250.67,"D",1813,29-JUN-17,1.54,15-AGO-17,"MONCLOVA","MC"
1,1372549382,"4341659",161.11,"D+",236,30-JUN-17,1.53,15-AGO-17,"MONCLOVA","MC"
1,1354914658,"4339841",293.56,"D",2376,27-JUN-17,1.61,15-AGO-17,"MONCLOVA","MC"
1,1341081788,"4338484",305.57,"D+",679,05-JUN-17,2.48,20-AGO-17,"MONCLOVA","MC"
1,1337314895,"4337809",239.44,"D+",679,30-MAY-17,1.54,16-JUL-17,"MONCLOVA","MC"
1,1338249625,"4337914",322.34,"D+",679,31-MAY-17,1.5,16-JUL-17,"MONCLOVA","MC"
1,1357159234,"4340028",261.07,"D",695,14-JUN-17,1.77,07-AGO-17,"MONCLOVA","MC"
1,1337314903,"4337927",185.16,"D+",679,31-MAY-17,1.51,16-JUL-17,"MONCLOVA","MC"
1,1342338978,"4338675",312.8,"D+",868,06-JUN-17,2.8,31-AGO-17,"MONCLOVA","MC"
1,1337315874,"4337885",308.63,"C",3273,30-MAY-17,2.51,15-AGO-17,"MONCLOVA","MC"
1,1342338431,"4338634",257.53,"D+",679,15-JUN-17,1.73,07-AGO-17,"MONCLOVA","MC"
1,1342339961,"4338620",190.49,"D+",679,03-JUN-17,1.57,21-JUL-17,"MONCLOVA","MC"
1,1358697250,"4340277",257.53,"C",3439,21-JUN-17,1.64,10-AGO-17,"MONCLOVA","MC"
1,1342339521,"4338613",618.72,"D+",679,10-JUN-17,2.67,31-AGO-17,"MONCLOVA","MC"
1,1343601886,"4338821",288.39,"D+",679,05-JUN-17,2.47,20-AGO-17,"MONCLOVA","MC"
1,1343601889,"4338820",342.37,"D+",679,12-JUN-17,1.82,07-AGO-17,"MONCLOVA","MC"
1,1343602644,"4338850",530.54,"C",3439,09-JUN-17,1.7,31-JUL-17,"MONCLOVA","MC"
1,1343601775,"4338809",253.98,"D+",679,09-JUN-17,1.69,31-JUL-17,"MONCLOVA","MC"
1,1343601776,"4338814",250.43,"D+",679,17-JUN-17,1.67,07-AGO-17,"MONCLOVA","MC"
1,1383901055,"4342826",322.08,"D",1153,07-JUL-17,1.76,31-AGO-17,"MONCLOVA","MC"
1,1376336172,"4342166",247,"D+",104,05-JUL-17,1.48,20-AGO-17,"MONCLOVA","MC"
1,1381379924,"4342490",398,"D+",779,06-JUL-17,1.8,31-AGO-17,"MONCLOVA","MC"
1,1383902031,"4342882",392.5,"D+",104,07-JUL-17,1.77,31-AGO-17,"MONCLOVA","MC"
1,1381378841,"4342534",247,"D+",779,05-JUL-17,1.47,20-AGO-17,"MONCLOVA","MC"
1,1375074458,"4341953",453,"C",3439,06-JUL-17,1.8,31-AGO-17,"MONCLOVA","MC"
1,1376110432,"4341995",247,"C",3439,30-JUN-17,1.51,15-AGO-17,"MONCLOVA","MC"
1,1380120309,"4342374",1052.32,"D+",779,06-JUL-17,1.79,31-AGO-17,"MONCLOVA","MC"
1,1376335851,"4342141",392.5,"D+",779,07-JUL-17,1.76,31-AGO-17,"MONCLOVA","MC"
1,1374795932,"4341829",161.11,"D+",679,29-JUN-17,1.54,15-AGO-17,"MONCLOVA","MC"
1,1381379054,"4342551",392.5,"D",308,07-JUL-17,1.76,31-AGO-17,"MONCLOVA","MC"
1,1385164214,"4342988",387,"D+",779,08-JUL-17,1.73,31-AGO-17,"MONCLOVA","MC"
1,1380120809,"4342358",247,"D+",779,05-JUL-17,1.47,20-AGO-17,"MONCLOVA","MC"
1,1385163995,"4342962",355,"D+",868,08-JUL-17,1.73,31-AGO-17,"MONCLOVA","MC"
1,1382644485,"4342722",392.5,"D+",779,07-JUL-17,1.76,31-AGO-17,"MONCLOVA","MC"
1,1390213909,"4343372",370.5,"C",3439,11-JUL-17,1.63,31-AGO-17,"MONCLOVA","MC"
1,1382644265,"4342699",398,"D+",779,06-JUL-17,1.8,31-AGO-17,"MONCLOVA","MC"
1,1382644319,"4342703",392.5,"B",909,07-JUL-17,1.77,31-AGO-17,"MONCLOVA","MC"
1,1382644425,"4342719",392.5,"D+",779,07-JUL-17,1.77,31-AGO-17,"MONCLOVA","MC"
1,1386144362,"4342953",338.34,"D+",779,07-JUL-17,1.76,31-AGO-17,"MONCLOVA","MC"
1,1386427264,"4343085",333.67,"D+",779,08-JUL-17,1.73,31-AGO-17,"MONCLOVA","MC"
1,1386426078,"4343125",387,"D+",779,08-JUL-17,1.73,31-AGO-17,"MONCLOVA","MC"
1,1386426188,"4343127",440.34,"D+",779,08-JUL-17,1.73,31-AGO-17,"MONCLOVA","MC"
1,659913967,"4211397",649.38,"C",3439,14-DIC-15,18.79,08-JUL-17,"MONCLOVA","MC"
1,571064198,"4189718",232.32,"D",876,11-AGO-15,24.12,15-AGO-17,"MONCLOVA","MC"
1,552721544,"4184815",412.59,"D",489,24-JUL-15,24.54,10-AGO-17,"MONCLOVA","MC"
1,567045048,"4189020",487.52,"B",1733,07-AGO-15,22.79,01-JUL-17,"MONCLOVA","MC"
1,565343182,"4188590",575.86,"D",489,05-AGO-15,23.5,21-JUL-17,"MONCLOVA","MC"
1,553172715,"4185672",541.55,"D",1153,08-AGO-15,23.76,31-JUL-17,"MONCLOVA","MC"
1,552003630,"4184020",531.14,"D",489,03-AGO-15,23.57,21-JUL-17,"MONCLOVA","MC"
1,565029553,"4188499",297.35,"D",489,06-AGO-15,22.83,01-JUL-17,"MONCLOVA","MC"
1,588476733,"4193710",457.19,"C",3273,30-SEP-15,21.54,16-JUL-17,"MONCLOVA","MC"
1,588952634,"4193964",416.76,"D",1499,11-SEP-15,23.63,31-AGO-17,"MONCLOVA","MC"
1,575796844,"4190975",385.49,"C",3439,30-AGO-15,21.51,15-JUN-17,"MONCLOVA","MC"
1,586164124,"4193157",340.68,"C",3439,31-AGO-15,21.47,15-JUN-17,"MONCLOVA","MC"
1,565028153,"4188364",215.26,"C",767,06-AGO-15,22.83,01-JUL-17,"MONCLOVA","MC"
1,579514701,"4191882",377.76,"C",3439,28-AGO-15,21.56,15-JUN-17,"MONCLOVA","MC"
1,588191620,"4193690",574.14,"C",4892,30-SEP-15,20.54,16-JUN-17,"MONCLOVA","MC"
1,572063360,"4190051",155.84,"C",3439,24-AGO-15,22.24,01-JUL-17,"MONCLOVA","MC"
1,615853851,"4199945",592.25,"D",489,24-SEP-15,22.67,14-AGO-17,"MONCLOVA","MC"
1,616871028,"4200237",475.31,"D",489,02-OCT-15,21.6,21-JUL-17,"MONCLOVA","MC"
1,606736424,"4197586",358.29,"C",3439,15-SEP-15,21.54,01-JUL-17,"MONCLOVA","MC"
1,604355994,"4197354",598.6,"D",489,16-OCT-15,20.73,08-JUL-17,"MONCLOVA","MC"
1,598962740,"4196144",570.23,"C",3273,10-SEP-15,22.67,31-JUL-17,"MONCLOVA","MC"
1,610864537,"4198885",369.97,"D",387,21-SEP-15,22.64,10-AGO-17,"MONCLOVA","MC"
1,616032343,"4200391",411.45,"C",3439,02-OCT-15,22.57,20-AGO-17,"MONCLOVA","MC"
1,602688799,"4197016",647.75,"C",3439,14-SEP-15,22.77,07-AGO-17,"MONCLOVA","MC"
1,595914380,"4195614",403.16,"C",3439,22-NOV-16,6.6,10-JUN-17,"MONCLOVA","MC"
1,622979941,"4202186",660.52,"C",3439,06-OCT-15,22.8,31-AGO-17,"MONCLOVA","MC"
1,643370538,"4207445",697.21,"D",1499,31-OCT-15,21.5,15-AGO-17,"MONCLOVA","MC"
1,641862800,"4207250",369.34,"D",1499,19-NOV-15,18.7,10-JUN-17,"MONCLOVA","MC"
1,629081306,"4203644",382.63,"D",325,08-OCT-15,21.73,31-JUL-17,"MONCLOVA","MC"
1,628747013,"4203662",227.06,"D",1813,07-OCT-15,22.76,31-AGO-17,"MONCLOVA","MC"
1,647476545,"4208519",404.42,"C",1149,05-DIC-15,19.51,21-JUL-17,"FRONTERA","MC"
1,656297311,"4210121",374.75,"C",4892,09-NOV-15,21.7,31-AGO-17,"MONCLOVA","MC"
1,656685947,"4210222",565.26,"C",3439,24-NOV-15,20.54,10-AGO-17,"MONCLOVA","MC"
1,572685095,"4190146",347.82,"D",1813,21-AGO-15,21.63,10-JUN-17,"MONCLOVA","MC"
1,657713604,"4210496",173.92,"C",1162,04-NOV-15,19.5,20-JUN-17,"MONCLOVA","MC"
1,613825110,"4199140",301.17,"C",69,26-SEP-15,20.63,15-JUN-17,"MONCLOVA","MC"
1,657711489,"4210618",170.53,"D",1499,05-NOV-15,19.47,20-JUN-17,"MONCLOVA","MC"
1,624981614,"4202689",275.65,"D",210,05-OCT-15,20.47,20-JUN-17,"MONCLOVA","MC"
1,663864408,"4212024",400.69,"C",3439,12-NOV-15,20.83,07-AGO-17,"MONCLOVA","MC"
1,666548338,"4212900",385.33,"C",3439,16-NOV-15,20.7,07-AGO-17,"MONCLOVA","MC"
1,665929364,"4212461",362,"C",3439,28-SEP-16,8.57,15-JUN-17,"MONCLOVA","MC"
1,593561875,"4194634",390.62,"C",3439,02-SEP-15,21.57,20-JUN-17,"MONCLOVA","MC"
1,621930142,"4201767",219.12,"C",3439,10-NOV-15,20.67,31-JUL-17,"MONCLOVA","MC"
1,665930000,"4212492",443.59,"C",3439,17-DIC-15,18.7,08-JUL-17,"MONCLOVA","MC"
1,578656733,"4191592",586.35,"C",860,24-AGO-15,22.57,11-JUL-17,"MONCLOVA","MC"
1,638780529,"4206584",156.35,"D",1499,19-NOV-15,18.7,10-JUN-17,"MONCLOVA","MC"
1,594587484,"4194967",599.03,"C",3439,05-SEP-15,23.5,20-AGO-17,"MONCLOVA","MC"
1,579082953,"4191444",603.68,"C",3439,25-AGO-15,23.66,15-AGO-17,"MONCLOVA","MC"
1,672081836,"4213671",322.49,"C",3439,21-NOV-15,19.67,11-JUL-17,"MONCLOVA","MC"
1,640304803,"4206909",401.01,"D",1499,21-OCT-15,21.64,10-AGO-17,"MONCLOVA","MC"
1,672084364,"4213862",362.61,"D",1153,19-NOV-15,19.73,11-JUL-17,"MONCLOVA","MC"
1,639294411,"4206639",549.51,"C",3439,27-OCT-15,20.63,16-JUL-17,"MONCLOVA","MC"
1,578637205,"4191524",551.69,"C",3439,02-SEP-15,23.56,20-AGO-17,"MONCLOVA","MC"
1,585152774,"4192867",399.54,"B",1733,01-SEP-15,21.6,20-JUN-17,"MONCLOVA","MC"
1,609771883,"4198376",450.61,"C",3439,18-SEP-15,21.66,08-JUL-17,"MONCLOVA","MC"
1,681785370,"4216378",356.83,"B",186,03-DIC-15,18.54,20-JUN-17,"MONCLOVA","MC"
1,682352179,"4216510",294.55,"C",860,30-NOV-15,19.53,16-JUL-17,"MONCLOVA","MC"
1,620945360,"4201049",149.2,"C",3439,26-ABR-17,1.63,15-JUN-17,"MONCLOVA","MC"
1,603697308,"4197307",379.51,"C",767,19-SEP-15,22.7,10-AGO-17,"MONCLOVA","MC"
1,636016224,"4205586",230.61,"D",1499,29-OCT-15,20.57,16-JUL-17,"MONCLOVA","MC"
1,307575469,"2910758",386.2,"C",4892,11-ENE-13,52.76,03-JUN-17,"MONCLOVA","MC"
1,307576793,"2933983",181.39,"C",75,30-AGO-13,45.6,17-JUN-17,"MONCLOVA","MC"
1,307576879,"2905266",316.89,"C",767,03-DIC-12,54.47,17-JUN-17,"MONCLOVA","MC"
1,307576996,"2934251",393.17,"C",4892,03-SEP-13,45.47,17-JUN-17,"MONCLOVA","MC"
1,307576004,"2679365",889.27,"B",369,29-JUL-10,82.27,06-JUN-17,"MONCLOVA","MC"
1,307580666,"2777525",604.84,"C",3273,12-JUL-11,72.73,03-AGO-17,"MONCLOVA","MC"
1,307579767,"2678989",322.51,"D",876,28-JUL-10,83.24,04-JUL-17,"MONCLOVA","MC"
1,307579776,"2690089",267.42,"B",305,13-SEP-10,81.73,04-JUL-17,"MONCLOVA","MC"
1,307578383,"2856072",755.95,"D",1499,05-JUN-12,60.47,19-JUN-17,"MONCLOVA","MC"
1,307579769,"4006448",653.47,"B",431,10-SEP-14,33.31,19-JUN-17,"MONCLOVA","MC"
1,307578566,"2739400",361.39,"B",924,22-ENE-11,79.4,03-SEP-17,"MONCLOVA","MC"
1,307580891,"2809498",863.75,"D",876,28-NOV-11,68.73,19-AGO-17,"MONCLOVA","MC"
1,307579453,"2697419",436.06,"C",4892,18-OCT-10,81.53,03-AGO-17,"MONCLOVA","MC"
1,307580403,"2938103",631.2,"A",2592,14-NOV-13,45.18,19-AGO-17,"MONCLOVA","MC"
1,307579954,"2915133",402.58,"C",568,08-FEB-13,52.31,17-JUN-17,"MONCLOVA","MC"
1,307579144,"2653964",522.1,"D",243,20-MAR-10,88.92,17-AGO-17,"MONCLOVA","MC"
1,307579546,"2994184",407.47,"C",568,13-MAY-14,37.14,17-JUN-17,"MONCLOVA","MC"
1,307578777,"2675143",201.36,"B",323,08-JUL-10,85.31,17-AGO-17,"MONCLOVA","MC"
1,307578749,"2903181",395.3,"D",1499,23-NOV-12,54.82,17-JUN-17,"MONCLOVA","MC"
1,307578010,"4003287",422.18,"C",3273,08-AGO-14,36.37,19-AGO-17,"MONCLOVA","MC"
1,307581031,"2934920",219.13,"C",3273,17-SEP-13,45.82,11-JUL-17,"MONCLOVA","MC"
1,307580334,"2791619",448.35,"D",1153,10-SEP-11,70.27,18-JUL-17,"MONCLOVA","MC"
1,307579623,"2890642",472.53,"D",1499,05-OCT-12,56.34,15-JUN-17,"MONCLOVA","MC"
1,307578802,"2693880",546.52,"C",3273,01-OCT-10,82.53,17-AGO-17,"MONCLOVA","MC"
1,307580750,"2700176",271.28,"C",4892,29-OCT-10,81.63,17-AGO-17,"MONCLOVA","MC"
1,307578134,"2755255",618.16,"B",909,30-MAR-11,75.69,20-JUL-17,"MONCLOVA","MC"
1,307580933,"2981691",698.23,"C",3273,28-DIC-13,43.66,17-AGO-17,"MONCLOVA","MC"
1,307580543,"2797655",511.98,"C",3273,10-OCT-11,69.27,18-JUL-17,"MONCLOVA","MC"
1,307580048,"2874798",291.74,"D",876,08-AGO-12,59.76,31-JUL-17,"MONCLOVA","MC"
1,307579583,"2838042",369.92,"C",85,21-MAR-12,62.89,17-JUN-17,"MONCLOVA","MC"
1,307580517,"2991552",265.27,"D",1499,12-ABR-14,40.18,17-AGO-17,"MONCLOVA","MC"
1,307578381,"2662088",370.4,"C",4892,29-ABR-10,86.21,04-JUL-17,"MONCLOVA","MC"
1,307584974,"2774639",278.69,"D",1813,30-JUN-11,74.18,04-SEP-17,"MONCLOVA","MC"
1,307585594,"2926712",185.21,"C",818,02-MAY-13,52.05,03-SEP-17,"MONCLOVA","MC"
1,307586782,"2935017",634.56,"D",1153,19-SEP-13,46.95,17-AGO-17,"MONCLOVA","MC"
1,307586029,"2928135",578.17,"C",1162,11-MAY-13,49.79,04-JUL-17,"MONCLOVA","MC"
1,307586806,"2784297",627.85,"D",1813,09-AGO-11,71.37,20-JUL-17,"MONCLOVA","MC"
1,307584422,"2937491",465.24,"C",818,01-NOV-13,45.53,17-AGO-17,"MONCLOVA","MC"
1,307583996,"2773717",108.76,"D",1813,27-JUN-11,72.18,01-JUL-17,"MONCLOVA","MC"
1,307587054,"2869804",233.94,"D",2085,20-JUL-12,60.92,17-AGO-17,"FRONTERA","MC"
1,307585969,"2818093",507.87,"C",122,30-DIC-11,65.6,17-JUN-17,"FRONTERA","MC"
1,307584777,"2999941",733.66,"C",818,02-JUL-14,37.56,19-AGO-17,"MONCLOVA","MC"
1,307585976,"2762833",352.61,"C",783,06-MAY-11,75.14,10-AGO-17,"MONCLOVA","MC"
1,307584518,"2932204",318.67,"D",1813,27-JUL-13,47.4,08-JUL-17,"MONCLOVA","MC"
1,307583283,"2818463",249.27,"D",240,02-ENE-12,67.5,17-AGO-17,"MONCLOVA","MC"
1,307582939,"2689105",259.5,"A",2592,08-SEP-10,80.85,03-JUN-17,"MONCLOVA","MC"
1,307581680,"2936565",369.84,"C",3273,16-OCT-13,45.98,15-AGO-17,"MONCLOVA","MC"
1,307583376,"2694879",403.6,"D",281,06-OCT-10,82.43,19-AGO-17,"MONCLOVA","MC"
1,307583597,"2650478",333.3,"C",1306,03-MAR-10,88.05,04-JUL-17,"MONCLOVA","MC"
1,307581749,"2737475",594.07,"D",325,14-ENE-11,79.11,17-AGO-17,"MONCLOVA","MC"
1,307582885,"2930167",385.3,"C",1306,14-JUN-13,49.66,03-AGO-17,"MONCLOVA","MC"
1,307583008,"2936803",511.67,"C",1306,21-OCT-13,43.89,17-JUN-17,"MONCLOVA","MC"
1,307582888,"2933981",239.65,"C",790,30-AGO-13,45.6,17-JUN-17,"MONCLOVA","MC"
1,307581858,"2739041",214.61,"C",3273,21-ENE-11,78.43,03-AGO-17,"MONCLOVA","MC"
1,307583183,"2827025",493.72,"C",1306,03-FEB-12,65.5,18-JUL-17,"MONCLOVA","MC"
1,307581560,"2926296",370.91,"D",210,29-ABR-13,50.66,18-JUL-17,"MONCLOVA","MC"
1,307581204,"2751953",930.06,"B",1733,16-MAR-11,76.6,03-AGO-17,"MONCLOVA","MC"
1,307582903,"2939197",532.66,"D",284,04-DIC-13,44.43,17-AGO-17,"MONCLOVA","MC"
1,307583001,"2934210",126.68,"B",424,03-SEP-13,47.14,07-AGO-17,"MONCLOVA","MC"
1,307584001,"2938722",411.45,"D",1813,26-NOV-13,43.76,18-JUL-17,"MONCLOVA","MC"
1,307581562,"2926727",671.65,"B",909,02-MAY-13,50.08,04-JUL-17,"MONCLOVA","MC"
1,307584073,"2783242",381.64,"C",59,05-AGO-11,71.43,18-JUL-17,"FRONTERA","MC"
1,307581634,"2735800",186.31,"C",4892,07-ENE-11,78.89,03-AGO-17,"MONCLOVA","MC"
1,307581393,"4004979",308.8,"B",135,26-AGO-14,34.76,18-JUL-17,"MONCLOVA","MC"
1,307581775,"2836109",774.09,"C",33,13-MAR-12,63.21,19-JUN-17,"MONCLOVA","MC"
1,307581232,"2846532",249.98,"C",568,26-ABR-12,63.73,17-AGO-17,"MONCLOVA","MC"
1,307582922,"2998186",247.7,"D",876,13-JUN-14,36.14,17-JUN-17,"MONCLOVA","MC"
1,307582528,"2821380",533.22,"C",1306,11-ENE-12,67.21,17-AGO-17,"MONCLOVA","MC"
1,307585500,"2933456",696.93,"C",465,21-AGO-13,47.95,19-AGO-17,"FRONTERA","MC"
1,307585639,"2988019",526.5,"B",240,10-MAR-14,41.24,17-AGO-17,"MONCLOVA","MC"
1,307574959,"2793948",522,"D",890,22-SEP-11,69.89,18-JUL-17,"MONCLOVA","MC"
1,307576021,"2911086",31.32,"D",890,14-ENE-13,53.6,01-JUL-17,"MONCLOVA","MC"
1,307575866,"2743080",468.62,"C",767,09-FEB-11,78.27,17-AGO-17,"MONCLOVA","MC"
1,307575547,"2812337",441.68,"C",4892,07-DIC-11,67.37,18-JUL-17,"MONCLOVA","MC"
1,307575892,"2677183",568.45,"B",924,19-JUL-10,82.5,03-JUN-17,"MONCLOVA","MC"
1,307575554,"2851325",363.19,"C",3273,18-MAY-12,62.98,17-AGO-17,"MONCLOVA","MC"
1,307574855,"2789117",890.51,"B",369,30-AGO-11,71.6,17-AGO-17,"MONCLOVA","MC"
1,307574933,"2885085",791.23,"C",220,15-SEP-12,59.08,17-AGO-17,"MONCLOVA","MC"
1,307574822,"2865150",429.98,"D",890,04-JUL-12,59.43,17-JUN-17,"MONCLOVA","MC"
1,307585771,"2839350",363.95,"C",465,27-MAR-12,63.73,18-JUL-17,"FRONTERA","MC"
1,339355022,"4031289",226.93,"B",1733,10-DIC-14,30.72,01-JUL-17,"MONCLOVA","MC"
1,355572021,"4040094",532.33,"B",909,02-ENE-15,31.56,20-AGO-17,"MONCLOVA","MC"
1,383343981,"4058754",570.17,"B",243,04-FEB-15,30.5,20-AGO-17,"MONCLOVA","MC"
1,398323906,"4070023",624.19,"C",818,14-FEB-15,28.8,08-JUL-17,"MONCLOVA","MC"
1,384223513,"4059653",296.32,"C",465,02-FEB-15,29.44,16-JUL-17,"FRONTERA","MC"
1,1370038936,"4341438",250.67,"C",284,04-JUL-17,1.5,20-AGO-17,"MONCLOVA","MC"
1,410810846,"4078337",640.01,"B",424,12-MAR-15,27.66,01-JUL-17,"MONCLOVA","MC"
1,411704430,"4079002",493.52,"B",164,13-MAR-15,26.82,07-JUN-17,"MONCLOVA","MC"
1,410810005,"4078724",610.4,"C",4892,14-MAR-15,26.76,07-JUN-17,"MONCLOVA","MC"
1,418037089,"4085103",368.58,"C",378,19-MAR-15,26.63,07-JUN-17,"MONCLOVA","MC"
1,385979303,"4061358",539.15,"C",818,05-FEB-15,28.5,20-JUN-17,"MONCLOVA","MC"
1,417085256,"4083589",224.12,"D",1153,18-MAR-15,28.64,07-AGO-17,"MONCLOVA","MC"
1,427967172,"4090577",183.82,"B",27,10-JUL-15,24.67,31-JUL-17,"MONCLOVA","MC"
1,425234734,"4087730",575.34,"C",122,18-MAR-15,27.66,08-JUL-17,"FRONTERA","MC"
1,416194424,"4082987",424.97,"C",1162,16-MAR-15,27.73,08-JUL-17,"MONCLOVA","MC"
1,428847507,"4091130",365.81,"A",2592,25-MAR-15,26.66,15-JUN-17,"MONCLOVA","MC"
1,404544447,"4073965",439.78,"D",1499,25-FEB-15,29.66,15-AGO-17,"MONCLOVA","MC"
1,402762505,"4072556",313.86,"C",378,07-MAR-15,28.76,31-JUL-17,"MONCLOVA","MC"
1,432496136,"4093552",418.32,"C",1306,20-MAR-15,27.7,11-JUL-17,"MONCLOVA","MC"
1,432345994,"4093087",183.2,"D",876,20-MAR-15,27.38,01-JUL-17,"MONCLOVA","MC"
1,373706342,"4050444",876.02,"C",392,15-ENE-15,31,15-AGO-17,"MONCLOVA","MC"
1,394781315,"4066801",386.77,"C",767,07-FEB-15,30.76,31-AGO-17,"MONCLOVA","MC"
1,452739871,"4109354",338.14,"D",753,22-ABR-15,27.6,10-AGO-17,"MONCLOVA","MC"
1,439837931,"4100101",419.53,"C",284,31-MAR-15,27.53,16-JUL-17,"MONCLOVA","MC"
1,449961395,"4106875",190.16,"C",459,08-ABR-15,28.73,31-AGO-17,"MONCLOVA","MC"
1,444434289,"4104066",430.39,"C",284,08-ABR-15,27.73,31-JUL-17,"MONCLOVA","MC"
1,443513719,"4103081",177.56,"C",860,14-ABR-15,27.77,07-AGO-17,"MONCLOVA","MC"
1,470092533,"4121967",365.03,"C",767,14-MAY-15,25.8,08-JUL-17,"MONCLOVA","MC"
1,466406031,"4119785",1060.3,"C",459,27-ABR-15,26.64,16-JUL-17,"MONCLOVA","MC"
1,478921800,"4129706",305.05,"D",1499,18-MAY-15,26.63,07-AGO-17,"MONCLOVA","MC"
1,478930580,"4129743",214.64,"C",284,14-MAY-15,26.77,07-AGO-17,"MONCLOVA","MC"
1,471885198,"4124558",400.01,"C",459,02-FEB-16,18.57,20-AGO-17,"MONCLOVA","MC"
1,487472467,"4135849",570.02,"D",296,02-JUN-15,24.57,20-JUN-17,"MONCLOVA","MC"
1,487472468,"4136013",515.34,"D",1499,26-MAY-15,26.64,15-AGO-17,"MONCLOVA","MC"
1,472332324,"4124115",360.12,"C",459,27-MAY-15,24.6,15-JUN-17,"MONCLOVA","MC"
1,472329305,"4124357",365.08,"D",890,08-MAY-15,26.73,31-JUL-17,"MONCLOVA","MC"
1,494940653,"4141738",178.38,"D",1499,26-MAY-15,25.67,16-JUL-17,"MONCLOVA","MC"
1,494141436,"4140627",396.8,"C",1306,26-MAY-15,25.66,16-JUL-17,"MONCLOVA","MC"
1,499982762,"4146175",220.17,"C",381,03-JUN-15,25.56,21-JUL-17,"MONCLOVA","MC"
1,499981576,"4145937",408.51,"D",876,04-JUN-15,24.51,20-JUN-17,"MONCLOVA","MC"
1,510635594,"4155367",284.91,"C",381,17-JUN-15,25.69,07-AGO-17,"MONCLOVA","MC"
1,509663198,"4153964",405.66,"C",842,16-JUN-15,24.73,08-JUL-17,"MONCLOVA","MC"
1,529241641,"4168901",536.9,"C",459,03-JUL-15,23.54,20-JUN-17,"MONCLOVA","MC"
1,529241847,"4168798",402.73,"C",860,21-JUL-15,23.57,08-JUL-17,"MONCLOVA","MC"
1,537150832,"4173875",200.91,"D",1153,20-JUL-15,22.67,10-JUN-17,"MONCLOVA","MC"
1,531229129,"4170437",767.05,"C",59,11-JUL-15,23.69,01-JUL-17,"FRONTERA","MC"
1,531229138,"4170625",316.9,"C",842,05-JUL-16,11.47,20-JUN-17,"MONCLOVA","MC"
1,531216399,"4170153",258.55,"C",4892,06-AGO-15,22.83,01-JUL-17,"MONCLOVA","MC"
1,540124748,"4176484",615.5,"D",1153,21-JUL-15,24.63,10-AGO-17,"MONCLOVA","MC"
1,540124325,"4176580",591.48,"C",818,28-JUL-15,23.61,16-JUL-17,"MONCLOVA","MC"
1,512586226,"4156924",217.17,"C",284,22-JUN-15,24.63,11-JUL-17,"MONCLOVA","MC"
1,530230834,"4169615",388.09,"D",179,09-JUL-15,23.73,01-JUL-17,"MONCLOVA","MC"
1,532213258,"4171146",386.05,"D",489,17-JUL-15,23.7,08-JUL-17,"MONCLOVA","MC"
1,545100107,"4179039",540.12,"C",1306,29-JUL-15,23.56,16-JUL-17,"MONCLOVA","MC"
1,544099198,"4178498",529.25,"D",1153,20-AGO-15,21.67,10-JUN-17,"MONCLOVA","MC"
1,533201615,"4171947",509.78,"C",381,16-JUL-15,24.7,07-AGO-17,"MONCLOVA","MC"
1,503836005,"4149178",619.98,"C",860,05-JUN-15,26.48,20-AGO-17,"MONCLOVA","MC"
1,519423222,"4162049",170.55,"D",753,30-JUN-15,25.51,15-AGO-17,"MONCLOVA","MC"
1,546097617,"4180007",428.2,"C",33,25-JUL-15,22.67,15-JUN-17,"MONCLOVA","MC"
1,546097610,"4179879",438.8,"C",344,08-AGO-15,24.73,31-AGO-17,"MONCLOVA","MC"
1,547098308,"4180849",294.17,"D",1813,27-JUL-15,23.63,16-JUL-17,"MONCLOVA","MC"
1,548991550,"4181558",442.62,"D",753,04-AGO-15,23.53,21-JUL-17,"MONCLOVA","MC"
1,682791311,"4216820",738.41,"C",4892,30-NOV-15,18.51,15-JUN-17,"MONCLOVA","MC"
